canonical_key,product_description,unspsc,unspsc_title,unspsc_status,omniclass23,omniclass23_title,omniclass23_status,in_corpus,provenance,note
BEAM-LVL-1_3_4X7_1_4-12FT,LVL beam 1-3/4 in x 7-1/4 in x 12 ft (Microllam/Versa-Lam equiv.),30103602,Wood composite beams,mapped,,,unmapped,no,"UNSPSC Codeset v8.1201 (GS1 US); verified 2026-10-08 against the published codeset, class 30103600 'Structural products'",NULL: OmniClass Table 23 codes require the CSI publication (not publicly verifiable); left unmapped per policy.
BEAM-LVL-1_3_4X7_1_4-16FT,LVL beam 1-3/4 in x 7-1/4 in x 16 ft (Microllam/Versa-Lam equiv.),30103602,Wood composite beams,mapped,,,unmapped,no,"UNSPSC Codeset v8.1201 (GS1 US); verified 2026-10-08 against the published codeset, class 30103600 'Structural products'",NULL: OmniClass Table 23 codes require the CSI publication (not publicly verifiable); left unmapped per policy.
BEAM-LVL-1_3_4X7_1_4-20FT,LVL beam 1-3/4 in x 7-1/4 in x 20 ft (Microllam/Versa-Lam equiv.),30103602,Wood composite beams,mapped,,,unmapped,no,"UNSPSC Codeset v8.1201 (GS1 US); verified 2026-10-08 against the published codeset, class 30103600 'Structural products'",NULL: OmniClass Table 23 codes require the CSI publication (not publicly verifiable); left unmapped per policy.
BEAM-LVL-1_3_4X9_1_2-12FT,LVL beam 1-3/4 in x 9-1/2 in x 12 ft (Microllam/Versa-Lam equiv.),30103602,Wood composite beams,mapped,,,unmapped,no,"UNSPSC Codeset v8.1201 (GS1 US); verified 2026-10-08 against the published codeset, class 30103600 'Structural products'",NULL: OmniClass Table 23 codes require the CSI publication (not publicly verifiable); left unmapped per policy.
BEAM-LVL-1_3_4X9_1_2-16FT,LVL beam 1-3/4 in x 9-1/2 in x 16 ft (Microllam/Versa-Lam equiv.),30103602,Wood composite beams,mapped,,,unmapped,yes,"UNSPSC Codeset v8.1201 (GS1 US); verified 2026-10-08 against the published codeset, class 30103600 'Structural products'",EXISTS in static corpus (supplierPrices47802.ts). NULL: OmniClass Table 23 codes require the CSI publication (not publicly verifiable); left unmapped per policy.
BEAM-LVL-1_3_4X9_1_2-20FT,LVL beam 1-3/4 in x 9-1/2 in x 20 ft (Microllam/Versa-Lam equiv.),30103602,Wood composite beams,mapped,,,unmapped,yes,"UNSPSC Codeset v8.1201 (GS1 US); verified 2026-10-08 against the published codeset, class 30103600 'Structural products'",EXISTS in static corpus (supplierPrices47802.ts). NULL: OmniClass Table 23 codes require the CSI publication (not publicly verifiable); left unmapped per policy.
BEAM-LVL-1_3_4X11_7_8-12FT,LVL beam 1-3/4 in x 11-7/8 in x 12 ft (Microllam/Versa-Lam equiv.),30103602,Wood composite beams,mapped,,,unmapped,no,"UNSPSC Codeset v8.1201 (GS1 US); verified 2026-10-08 against the published codeset, class 30103600 'Structural products'",NULL: OmniClass Table 23 codes require the CSI publication (not publicly verifiable); left unmapped per policy.
BEAM-LVL-1_3_4X11_7_8-16FT,LVL beam 1-3/4 in x 11-7/8 in x 16 ft (Microllam/Versa-Lam equiv.),30103602,Wood composite beams,mapped,,,unmapped,yes,"UNSPSC Codeset v8.1201 (GS1 US); verified 2026-10-08 against the published codeset, class 30103600 'Structural products'",EXISTS in static corpus (supplierPrices47802.ts). NULL: OmniClass Table 23 codes require the CSI publication (not publicly verifiable); left unmapped per policy.
BEAM-LVL-1_3_4X11_7_8-20FT,LVL beam 1-3/4 in x 11-7/8 in x 20 ft (Microllam/Versa-Lam equiv.),30103602,Wood composite beams,mapped,,,unmapped,yes,"UNSPSC Codeset v8.1201 (GS1 US); verified 2026-10-08 against the published codeset, class 30103600 'Structural products'",EXISTS in static corpus (supplierPrices47802.ts). NULL: OmniClass Table 23 codes require the CSI publication (not publicly verifiable); left unmapped per policy.
BEAM-LVL-1_3_4X14-12FT,LVL beam 1-3/4 in x 14 in x 12 ft (Microllam/Versa-Lam equiv.),30103602,Wood composite beams,mapped,,,unmapped,no,"UNSPSC Codeset v8.1201 (GS1 US); verified 2026-10-08 against the published codeset, class 30103600 'Structural products'",NULL: OmniClass Table 23 codes require the CSI publication (not publicly verifiable); left unmapped per policy.
BEAM-LVL-1_3_4X14-16FT,LVL beam 1-3/4 in x 14 in x 16 ft (Microllam/Versa-Lam equiv.),30103602,Wood composite beams,mapped,,,unmapped,no,"UNSPSC Codeset v8.1201 (GS1 US); verified 2026-10-08 against the published codeset, class 30103600 'Structural products'",NULL: OmniClass Table 23 codes require the CSI publication (not publicly verifiable); left unmapped per policy.
BEAM-LVL-1_3_4X14-20FT,LVL beam 1-3/4 in x 14 in x 20 ft (Microllam/Versa-Lam equiv.),30103602,Wood composite beams,mapped,,,unmapped,no,"UNSPSC Codeset v8.1201 (GS1 US); verified 2026-10-08 against the published codeset, class 30103600 'Structural products'",NULL: OmniClass Table 23 codes require the CSI publication (not publicly verifiable); left unmapped per policy.
BEAM-LVL-3_1_2X9_1_2-16FT,"LVL header 3-1/2 in x 9-1/2 in x 16 ft (double 1-3/4 in ply, field-nailed or factory)",30103602,Wood composite beams,mapped,,,unmapped,no,"UNSPSC Codeset v8.1201 (GS1 US); verified 2026-10-08 against the published codeset, class 30103600 'Structural products'",Two-ply; verify whether sold as factory-laminated unit or two singles. NULL: OmniClass Table 23 codes require the CSI publication (not publicly verifiable); left unmapped per policy.
RIMBOARD-LSL-1_1_4X9_1_2-12FT,LSL rim board 1-1/4 in x 9-1/2 in x 12 ft,30103602,Wood composite beams,ambiguous,,,unmapped,no,"UNSPSC Codeset v8.1201 (GS1 US); verified 2026-10-08 against the published codeset, class 30103600 'Structural products'",Ambiguity: rim board is a composite panel product but functions as framing; 30103602 vs 30103603 is a human-review case. NULL: OmniClass Table 23 codes require the CSI publication (not publicly verifiable); left unmapped per policy.
RIMBOARD-LSL-1_1_4X11_7_8-12FT,LSL rim board 1-1/4 in x 11-7/8 in x 12 ft,30103602,Wood composite beams,ambiguous,,,unmapped,no,"UNSPSC Codeset v8.1201 (GS1 US); verified 2026-10-08 against the published codeset, class 30103600 'Structural products'",Ambiguity: rim board is a composite panel product but functions as framing; 30103602 vs 30103603 is a human-review case. NULL: OmniClass Table 23 codes require the CSI publication (not publicly verifiable); left unmapped per policy.
JOIST-I-9_1_2-12FT,I-joist 9-1/2 in deep x 12 ft (TJI/BCI series as stocked),30103607,Wood joists,mapped,,,unmapped,no,"UNSPSC Codeset v8.1201 (GS1 US); verified 2026-10-08 against the published codeset, class 30103600 'Structural products'","Series (e.g. TJI 210 vs 360) is a manufacturer attribute, not a separate code; never merge across series on price alone. NULL: OmniClass Table 23 codes require the CSI publication (not publicly verifiable); left unmapped per policy."
JOIST-I-9_1_2-16FT,I-joist 9-1/2 in deep x 16 ft (TJI/BCI series as stocked),30103607,Wood joists,mapped,,,unmapped,no,"UNSPSC Codeset v8.1201 (GS1 US); verified 2026-10-08 against the published codeset, class 30103600 'Structural products'","Series (e.g. TJI 210 vs 360) is a manufacturer attribute, not a separate code; never merge across series on price alone. NULL: OmniClass Table 23 codes require the CSI publication (not publicly verifiable); left unmapped per policy."
JOIST-I-11_7_8-12FT,I-joist 11-7/8 in deep x 12 ft (TJI/BCI series as stocked),30103607,Wood joists,mapped,,,unmapped,no,"UNSPSC Codeset v8.1201 (GS1 US); verified 2026-10-08 against the published codeset, class 30103600 'Structural products'","Series (e.g. TJI 210 vs 360) is a manufacturer attribute, not a separate code; never merge across series on price alone. NULL: OmniClass Table 23 codes require the CSI publication (not publicly verifiable); left unmapped per policy."
JOIST-I-11_7_8-16FT,I-joist 11-7/8 in deep x 16 ft (TJI/BCI series as stocked),30103607,Wood joists,mapped,,,unmapped,no,"UNSPSC Codeset v8.1201 (GS1 US); verified 2026-10-08 against the published codeset, class 30103600 'Structural products'","Series (e.g. TJI 210 vs 360) is a manufacturer attribute, not a separate code; never merge across series on price alone. NULL: OmniClass Table 23 codes require the CSI publication (not publicly verifiable); left unmapped per policy."
JOIST-I-14-12FT,I-joist 14 in deep x 12 ft (TJI/BCI series as stocked),30103607,Wood joists,mapped,,,unmapped,no,"UNSPSC Codeset v8.1201 (GS1 US); verified 2026-10-08 against the published codeset, class 30103600 'Structural products'","Series (e.g. TJI 210 vs 360) is a manufacturer attribute, not a separate code; never merge across series on price alone. NULL: OmniClass Table 23 codes require the CSI publication (not publicly verifiable); left unmapped per policy."
JOIST-I-14-16FT,I-joist 14 in deep x 16 ft (TJI/BCI series as stocked),30103607,Wood joists,mapped,,,unmapped,no,"UNSPSC Codeset v8.1201 (GS1 US); verified 2026-10-08 against the published codeset, class 30103600 'Structural products'","Series (e.g. TJI 210 vs 360) is a manufacturer attribute, not a separate code; never merge across series on price alone. NULL: OmniClass Table 23 codes require the CSI publication (not publicly verifiable); left unmapped per policy."
JOIST-I-16-16FT,I-joist 16 in deep x 16 ft (TJI/BCI series as stocked),30103607,Wood joists,mapped,,,unmapped,no,"UNSPSC Codeset v8.1201 (GS1 US); verified 2026-10-08 against the published codeset, class 30103600 'Structural products'","Series (e.g. TJI 210 vs 360) is a manufacturer attribute, not a separate code; never merge across series on price alone. NULL: OmniClass Table 23 codes require the CSI publication (not publicly verifiable); left unmapped per policy."
JOIST-I-16-20FT,I-joist 16 in deep x 20 ft (TJI/BCI series as stocked),30103607,Wood joists,mapped,,,unmapped,no,"UNSPSC Codeset v8.1201 (GS1 US); verified 2026-10-08 against the published codeset, class 30103600 'Structural products'","Series (e.g. TJI 210 vs 360) is a manufacturer attribute, not a separate code; never merge across series on price alone. NULL: OmniClass Table 23 codes require the CSI publication (not publicly verifiable); left unmapped per policy."
BEAM-GLULAM-3_1_8X9-16FT,Glulam beam 3-1/8 in x 9 in x 16 ft,30103601,Wood beams,mapped,,,unmapped,no,"UNSPSC Codeset v8.1201 (GS1 US); verified 2026-10-08 against the published codeset, class 30103600 'Structural products'",Retail glulam is often special-order; verify stock vs special-order before treating as a live price. NULL: OmniClass Table 23 codes require the CSI publication (not publicly verifiable); left unmapped per policy.
BEAM-GLULAM-3_1_8X9-20FT,Glulam beam 3-1/8 in x 9 in x 20 ft,30103601,Wood beams,mapped,,,unmapped,no,"UNSPSC Codeset v8.1201 (GS1 US); verified 2026-10-08 against the published codeset, class 30103600 'Structural products'",Retail glulam is often special-order; verify stock vs special-order before treating as a live price. NULL: OmniClass Table 23 codes require the CSI publication (not publicly verifiable); left unmapped per policy.
BEAM-GLULAM-3_1_8X12-20FT,Glulam beam 3-1/8 in x 12 in x 20 ft,30103601,Wood beams,mapped,,,unmapped,no,"UNSPSC Codeset v8.1201 (GS1 US); verified 2026-10-08 against the published codeset, class 30103600 'Structural products'",Retail glulam is often special-order; verify stock vs special-order before treating as a live price. NULL: OmniClass Table 23 codes require the CSI publication (not publicly verifiable); left unmapped per policy.
BEAM-GLULAM-5_1_8X12-20FT,Glulam beam 5-1/8 in x 12 in x 20 ft,30103601,Wood beams,mapped,,,unmapped,no,"UNSPSC Codeset v8.1201 (GS1 US); verified 2026-10-08 against the published codeset, class 30103600 'Structural products'",Retail glulam is often special-order; verify stock vs special-order before treating as a live price. NULL: OmniClass Table 23 codes require the CSI publication (not publicly verifiable); left unmapped per policy.
