canonical_key,product_description,species,grade,treatment,nominal_size,length_ft,actual_length_in,unspsc,unspsc_title,unspsc_status,omniclass23,omniclass23_title,omniclass23_status,provenance,note
STUD-SPF-2X4-8FT,2x4x8 SPF stud (92-5/8 in precut),SPF,STUD,UNTREATED,2X4,8,92.625,30103603,Framing lumber,mapped,,,unmapped,"UNSPSC Codeset v8.1201 (GS1 US); verified 2026-10-08 against the published codeset, class 30103600 'Structural products'","Retail precut stud; nominal 8 ft label, actual 92-5/8 in. NULL: OmniClass Table 23 codes require the CSI publication (not publicly verifiable); left unmapped per policy."
STUD-SPF-2X6-8FT,2x6x8 SPF stud (92-5/8 in precut),SPF,STUD,UNTREATED,2X6,8,92.625,30103603,Framing lumber,mapped,,,unmapped,"UNSPSC Codeset v8.1201 (GS1 US); verified 2026-10-08 against the published codeset, class 30103600 'Structural products'","Retail precut stud; nominal 8 ft label, actual 92-5/8 in. NULL: OmniClass Table 23 codes require the CSI publication (not publicly verifiable); left unmapped per policy."
STUD-SPF-2X4-10FT,2x4x10 SPF stud (116-5/8 in precut),SPF,STUD,UNTREATED,2X4,10,116.625,30103603,Framing lumber,mapped,,,unmapped,"UNSPSC Codeset v8.1201 (GS1 US); verified 2026-10-08 against the published codeset, class 30103600 'Structural products'","Retail precut stud; nominal 10 ft label, actual 116-5/8 in. NULL: OmniClass Table 23 codes require the CSI publication (not publicly verifiable); left unmapped per policy."
LUMBER-SPF-2X4-8FT,2x4 spruce-pine-fir 8 ft dimensional lumber,SPF,Construction/No.2 (retail std),UNTREATED,2X4,8,96,30103603,Framing lumber,mapped,,,unmapped,"UNSPSC Codeset v8.1201 (GS1 US); verified 2026-10-08 against the published codeset, class 30103600 'Structural products'",NULL: OmniClass Table 23 codes require the CSI publication (not publicly verifiable); left unmapped per policy.
LUMBER-SPF-2X4-10FT,2x4 spruce-pine-fir 10 ft dimensional lumber,SPF,Construction/No.2 (retail std),UNTREATED,2X4,10,120,30103603,Framing lumber,mapped,,,unmapped,"UNSPSC Codeset v8.1201 (GS1 US); verified 2026-10-08 against the published codeset, class 30103600 'Structural products'",NULL: OmniClass Table 23 codes require the CSI publication (not publicly verifiable); left unmapped per policy.
LUMBER-SPF-2X4-12FT,2x4 spruce-pine-fir 12 ft dimensional lumber,SPF,Construction/No.2 (retail std),UNTREATED,2X4,12,144,30103603,Framing lumber,mapped,,,unmapped,"UNSPSC Codeset v8.1201 (GS1 US); verified 2026-10-08 against the published codeset, class 30103600 'Structural products'",NULL: OmniClass Table 23 codes require the CSI publication (not publicly verifiable); left unmapped per policy.
LUMBER-SPF-2X4-16FT,2x4 spruce-pine-fir 16 ft dimensional lumber,SPF,Construction/No.2 (retail std),UNTREATED,2X4,16,192,30103603,Framing lumber,mapped,,,unmapped,"UNSPSC Codeset v8.1201 (GS1 US); verified 2026-10-08 against the published codeset, class 30103600 'Structural products'",NULL: OmniClass Table 23 codes require the CSI publication (not publicly verifiable); left unmapped per policy.
LUMBER-SPF-2X6-8FT,2x6 spruce-pine-fir 8 ft dimensional lumber,SPF,Construction/No.2 (retail std),UNTREATED,2X6,8,96,30103603,Framing lumber,mapped,,,unmapped,"UNSPSC Codeset v8.1201 (GS1 US); verified 2026-10-08 against the published codeset, class 30103600 'Structural products'",NULL: OmniClass Table 23 codes require the CSI publication (not publicly verifiable); left unmapped per policy.
LUMBER-SPF-2X6-10FT,2x6 spruce-pine-fir 10 ft dimensional lumber,SPF,Construction/No.2 (retail std),UNTREATED,2X6,10,120,30103603,Framing lumber,mapped,,,unmapped,"UNSPSC Codeset v8.1201 (GS1 US); verified 2026-10-08 against the published codeset, class 30103600 'Structural products'",NULL: OmniClass Table 23 codes require the CSI publication (not publicly verifiable); left unmapped per policy.
LUMBER-SPF-2X6-12FT,2x6 spruce-pine-fir 12 ft dimensional lumber,SPF,Construction/No.2 (retail std),UNTREATED,2X6,12,144,30103603,Framing lumber,mapped,,,unmapped,"UNSPSC Codeset v8.1201 (GS1 US); verified 2026-10-08 against the published codeset, class 30103600 'Structural products'",NULL: OmniClass Table 23 codes require the CSI publication (not publicly verifiable); left unmapped per policy.
LUMBER-SPF-2X6-16FT,2x6 spruce-pine-fir 16 ft dimensional lumber,SPF,Construction/No.2 (retail std),UNTREATED,2X6,16,192,30103603,Framing lumber,mapped,,,unmapped,"UNSPSC Codeset v8.1201 (GS1 US); verified 2026-10-08 against the published codeset, class 30103600 'Structural products'",NULL: OmniClass Table 23 codes require the CSI publication (not publicly verifiable); left unmapped per policy.
LUMBER-SPF-2X8-8FT,2x8 spruce-pine-fir 8 ft dimensional lumber,SPF,Construction/No.2 (retail std),UNTREATED,2X8,8,96,30103603,Framing lumber,mapped,,,unmapped,"UNSPSC Codeset v8.1201 (GS1 US); verified 2026-10-08 against the published codeset, class 30103600 'Structural products'","Ambiguity recorded: UNSPSC also defines 30103607 'Wood joists'. Retail 2x8+ sold as generic dimensional framing maps to 30103603; pieces specified/sold as floor joists are a human-review case, never auto-merged. NULL: OmniClass Table 23 codes require the CSI publication (not publicly verifiable); left unmapped per policy."
LUMBER-SPF-2X8-10FT,2x8 spruce-pine-fir 10 ft dimensional lumber,SPF,Construction/No.2 (retail std),UNTREATED,2X8,10,120,30103603,Framing lumber,mapped,,,unmapped,"UNSPSC Codeset v8.1201 (GS1 US); verified 2026-10-08 against the published codeset, class 30103600 'Structural products'","Ambiguity recorded: UNSPSC also defines 30103607 'Wood joists'. Retail 2x8+ sold as generic dimensional framing maps to 30103603; pieces specified/sold as floor joists are a human-review case, never auto-merged. NULL: OmniClass Table 23 codes require the CSI publication (not publicly verifiable); left unmapped per policy."
LUMBER-SPF-2X8-12FT,2x8 spruce-pine-fir 12 ft dimensional lumber,SPF,Construction/No.2 (retail std),UNTREATED,2X8,12,144,30103603,Framing lumber,mapped,,,unmapped,"UNSPSC Codeset v8.1201 (GS1 US); verified 2026-10-08 against the published codeset, class 30103600 'Structural products'","Ambiguity recorded: UNSPSC also defines 30103607 'Wood joists'. Retail 2x8+ sold as generic dimensional framing maps to 30103603; pieces specified/sold as floor joists are a human-review case, never auto-merged. NULL: OmniClass Table 23 codes require the CSI publication (not publicly verifiable); left unmapped per policy."
LUMBER-SPF-2X8-16FT,2x8 spruce-pine-fir 16 ft dimensional lumber,SPF,Construction/No.2 (retail std),UNTREATED,2X8,16,192,30103603,Framing lumber,mapped,,,unmapped,"UNSPSC Codeset v8.1201 (GS1 US); verified 2026-10-08 against the published codeset, class 30103600 'Structural products'","Ambiguity recorded: UNSPSC also defines 30103607 'Wood joists'. Retail 2x8+ sold as generic dimensional framing maps to 30103603; pieces specified/sold as floor joists are a human-review case, never auto-merged. NULL: OmniClass Table 23 codes require the CSI publication (not publicly verifiable); left unmapped per policy."
LUMBER-SPF-2X10-8FT,2x10 spruce-pine-fir 8 ft dimensional lumber,SPF,Construction/No.2 (retail std),UNTREATED,2X10,8,96,30103603,Framing lumber,mapped,,,unmapped,"UNSPSC Codeset v8.1201 (GS1 US); verified 2026-10-08 against the published codeset, class 30103600 'Structural products'","Ambiguity recorded: UNSPSC also defines 30103607 'Wood joists'. Retail 2x8+ sold as generic dimensional framing maps to 30103603; pieces specified/sold as floor joists are a human-review case, never auto-merged. NULL: OmniClass Table 23 codes require the CSI publication (not publicly verifiable); left unmapped per policy."
LUMBER-SPF-2X10-10FT,2x10 spruce-pine-fir 10 ft dimensional lumber,SPF,Construction/No.2 (retail std),UNTREATED,2X10,10,120,30103603,Framing lumber,mapped,,,unmapped,"UNSPSC Codeset v8.1201 (GS1 US); verified 2026-10-08 against the published codeset, class 30103600 'Structural products'","Ambiguity recorded: UNSPSC also defines 30103607 'Wood joists'. Retail 2x8+ sold as generic dimensional framing maps to 30103603; pieces specified/sold as floor joists are a human-review case, never auto-merged. NULL: OmniClass Table 23 codes require the CSI publication (not publicly verifiable); left unmapped per policy."
LUMBER-SPF-2X10-12FT,2x10 spruce-pine-fir 12 ft dimensional lumber,SPF,Construction/No.2 (retail std),UNTREATED,2X10,12,144,30103603,Framing lumber,mapped,,,unmapped,"UNSPSC Codeset v8.1201 (GS1 US); verified 2026-10-08 against the published codeset, class 30103600 'Structural products'","Ambiguity recorded: UNSPSC also defines 30103607 'Wood joists'. Retail 2x8+ sold as generic dimensional framing maps to 30103603; pieces specified/sold as floor joists are a human-review case, never auto-merged. NULL: OmniClass Table 23 codes require the CSI publication (not publicly verifiable); left unmapped per policy."
LUMBER-SPF-2X10-16FT,2x10 spruce-pine-fir 16 ft dimensional lumber,SPF,Construction/No.2 (retail std),UNTREATED,2X10,16,192,30103603,Framing lumber,mapped,,,unmapped,"UNSPSC Codeset v8.1201 (GS1 US); verified 2026-10-08 against the published codeset, class 30103600 'Structural products'","Ambiguity recorded: UNSPSC also defines 30103607 'Wood joists'. Retail 2x8+ sold as generic dimensional framing maps to 30103603; pieces specified/sold as floor joists are a human-review case, never auto-merged. NULL: OmniClass Table 23 codes require the CSI publication (not publicly verifiable); left unmapped per policy."
LUMBER-SPF-2X12-8FT,2x12 spruce-pine-fir 8 ft dimensional lumber,SPF,Construction/No.2 (retail std),UNTREATED,2X12,8,96,30103603,Framing lumber,mapped,,,unmapped,"UNSPSC Codeset v8.1201 (GS1 US); verified 2026-10-08 against the published codeset, class 30103600 'Structural products'","Ambiguity recorded: UNSPSC also defines 30103607 'Wood joists'. Retail 2x8+ sold as generic dimensional framing maps to 30103603; pieces specified/sold as floor joists are a human-review case, never auto-merged. NULL: OmniClass Table 23 codes require the CSI publication (not publicly verifiable); left unmapped per policy."
LUMBER-SPF-2X12-10FT,2x12 spruce-pine-fir 10 ft dimensional lumber,SPF,Construction/No.2 (retail std),UNTREATED,2X12,10,120,30103603,Framing lumber,mapped,,,unmapped,"UNSPSC Codeset v8.1201 (GS1 US); verified 2026-10-08 against the published codeset, class 30103600 'Structural products'","Ambiguity recorded: UNSPSC also defines 30103607 'Wood joists'. Retail 2x8+ sold as generic dimensional framing maps to 30103603; pieces specified/sold as floor joists are a human-review case, never auto-merged. NULL: OmniClass Table 23 codes require the CSI publication (not publicly verifiable); left unmapped per policy."
LUMBER-SPF-2X12-12FT,2x12 spruce-pine-fir 12 ft dimensional lumber,SPF,Construction/No.2 (retail std),UNTREATED,2X12,12,144,30103603,Framing lumber,mapped,,,unmapped,"UNSPSC Codeset v8.1201 (GS1 US); verified 2026-10-08 against the published codeset, class 30103600 'Structural products'","Ambiguity recorded: UNSPSC also defines 30103607 'Wood joists'. Retail 2x8+ sold as generic dimensional framing maps to 30103603; pieces specified/sold as floor joists are a human-review case, never auto-merged. NULL: OmniClass Table 23 codes require the CSI publication (not publicly verifiable); left unmapped per policy."
LUMBER-SPF-2X12-16FT,2x12 spruce-pine-fir 16 ft dimensional lumber,SPF,Construction/No.2 (retail std),UNTREATED,2X12,16,192,30103603,Framing lumber,mapped,,,unmapped,"UNSPSC Codeset v8.1201 (GS1 US); verified 2026-10-08 against the published codeset, class 30103600 'Structural products'","Ambiguity recorded: UNSPSC also defines 30103607 'Wood joists'. Retail 2x8+ sold as generic dimensional framing maps to 30103603; pieces specified/sold as floor joists are a human-review case, never auto-merged. NULL: OmniClass Table 23 codes require the CSI publication (not publicly verifiable); left unmapped per policy."
LUMBER-SYP-2X4-8FT,2x4 southern yellow pine 8 ft dimensional lumber,SYP,No.2 (retail std),UNTREATED,2X4,8,96,30103603,Framing lumber,mapped,,,unmapped,"UNSPSC Codeset v8.1201 (GS1 US); verified 2026-10-08 against the published codeset, class 30103600 'Structural products'",NULL: OmniClass Table 23 codes require the CSI publication (not publicly verifiable); left unmapped per policy.
LUMBER-SYP-2X4-10FT,2x4 southern yellow pine 10 ft dimensional lumber,SYP,No.2 (retail std),UNTREATED,2X4,10,120,30103603,Framing lumber,mapped,,,unmapped,"UNSPSC Codeset v8.1201 (GS1 US); verified 2026-10-08 against the published codeset, class 30103600 'Structural products'",NULL: OmniClass Table 23 codes require the CSI publication (not publicly verifiable); left unmapped per policy.
LUMBER-SYP-2X4-12FT,2x4 southern yellow pine 12 ft dimensional lumber,SYP,No.2 (retail std),UNTREATED,2X4,12,144,30103603,Framing lumber,mapped,,,unmapped,"UNSPSC Codeset v8.1201 (GS1 US); verified 2026-10-08 against the published codeset, class 30103600 'Structural products'",NULL: OmniClass Table 23 codes require the CSI publication (not publicly verifiable); left unmapped per policy.
LUMBER-SYP-2X4-16FT,2x4 southern yellow pine 16 ft dimensional lumber,SYP,No.2 (retail std),UNTREATED,2X4,16,192,30103603,Framing lumber,mapped,,,unmapped,"UNSPSC Codeset v8.1201 (GS1 US); verified 2026-10-08 against the published codeset, class 30103600 'Structural products'",NULL: OmniClass Table 23 codes require the CSI publication (not publicly verifiable); left unmapped per policy.
LUMBER-SYP-2X6-8FT,2x6 southern yellow pine 8 ft dimensional lumber,SYP,No.2 (retail std),UNTREATED,2X6,8,96,30103603,Framing lumber,mapped,,,unmapped,"UNSPSC Codeset v8.1201 (GS1 US); verified 2026-10-08 against the published codeset, class 30103600 'Structural products'",NULL: OmniClass Table 23 codes require the CSI publication (not publicly verifiable); left unmapped per policy.
LUMBER-SYP-2X6-10FT,2x6 southern yellow pine 10 ft dimensional lumber,SYP,No.2 (retail std),UNTREATED,2X6,10,120,30103603,Framing lumber,mapped,,,unmapped,"UNSPSC Codeset v8.1201 (GS1 US); verified 2026-10-08 against the published codeset, class 30103600 'Structural products'",NULL: OmniClass Table 23 codes require the CSI publication (not publicly verifiable); left unmapped per policy.
LUMBER-SYP-2X6-12FT,2x6 southern yellow pine 12 ft dimensional lumber,SYP,No.2 (retail std),UNTREATED,2X6,12,144,30103603,Framing lumber,mapped,,,unmapped,"UNSPSC Codeset v8.1201 (GS1 US); verified 2026-10-08 against the published codeset, class 30103600 'Structural products'",NULL: OmniClass Table 23 codes require the CSI publication (not publicly verifiable); left unmapped per policy.
LUMBER-SYP-2X6-16FT,2x6 southern yellow pine 16 ft dimensional lumber,SYP,No.2 (retail std),UNTREATED,2X6,16,192,30103603,Framing lumber,mapped,,,unmapped,"UNSPSC Codeset v8.1201 (GS1 US); verified 2026-10-08 against the published codeset, class 30103600 'Structural products'",NULL: OmniClass Table 23 codes require the CSI publication (not publicly verifiable); left unmapped per policy.
LUMBER-SYP-2X8-8FT,2x8 southern yellow pine 8 ft dimensional lumber,SYP,No.2 (retail std),UNTREATED,2X8,8,96,30103603,Framing lumber,mapped,,,unmapped,"UNSPSC Codeset v8.1201 (GS1 US); verified 2026-10-08 against the published codeset, class 30103600 'Structural products'","Ambiguity recorded: UNSPSC also defines 30103607 'Wood joists'. Retail 2x8+ sold as generic dimensional framing maps to 30103603; pieces specified/sold as floor joists are a human-review case, never auto-merged. NULL: OmniClass Table 23 codes require the CSI publication (not publicly verifiable); left unmapped per policy."
LUMBER-SYP-2X8-10FT,2x8 southern yellow pine 10 ft dimensional lumber,SYP,No.2 (retail std),UNTREATED,2X8,10,120,30103603,Framing lumber,mapped,,,unmapped,"UNSPSC Codeset v8.1201 (GS1 US); verified 2026-10-08 against the published codeset, class 30103600 'Structural products'","Ambiguity recorded: UNSPSC also defines 30103607 'Wood joists'. Retail 2x8+ sold as generic dimensional framing maps to 30103603; pieces specified/sold as floor joists are a human-review case, never auto-merged. NULL: OmniClass Table 23 codes require the CSI publication (not publicly verifiable); left unmapped per policy."
LUMBER-SYP-2X8-12FT,2x8 southern yellow pine 12 ft dimensional lumber,SYP,No.2 (retail std),UNTREATED,2X8,12,144,30103603,Framing lumber,mapped,,,unmapped,"UNSPSC Codeset v8.1201 (GS1 US); verified 2026-10-08 against the published codeset, class 30103600 'Structural products'","Ambiguity recorded: UNSPSC also defines 30103607 'Wood joists'. Retail 2x8+ sold as generic dimensional framing maps to 30103603; pieces specified/sold as floor joists are a human-review case, never auto-merged. NULL: OmniClass Table 23 codes require the CSI publication (not publicly verifiable); left unmapped per policy."
LUMBER-SYP-2X8-16FT,2x8 southern yellow pine 16 ft dimensional lumber,SYP,No.2 (retail std),UNTREATED,2X8,16,192,30103603,Framing lumber,mapped,,,unmapped,"UNSPSC Codeset v8.1201 (GS1 US); verified 2026-10-08 against the published codeset, class 30103600 'Structural products'","Ambiguity recorded: UNSPSC also defines 30103607 'Wood joists'. Retail 2x8+ sold as generic dimensional framing maps to 30103603; pieces specified/sold as floor joists are a human-review case, never auto-merged. NULL: OmniClass Table 23 codes require the CSI publication (not publicly verifiable); left unmapped per policy."
LUMBER-SYP-2X10-8FT,2x10 southern yellow pine 8 ft dimensional lumber,SYP,No.2 (retail std),UNTREATED,2X10,8,96,30103603,Framing lumber,mapped,,,unmapped,"UNSPSC Codeset v8.1201 (GS1 US); verified 2026-10-08 against the published codeset, class 30103600 'Structural products'","Ambiguity recorded: UNSPSC also defines 30103607 'Wood joists'. Retail 2x8+ sold as generic dimensional framing maps to 30103603; pieces specified/sold as floor joists are a human-review case, never auto-merged. NULL: OmniClass Table 23 codes require the CSI publication (not publicly verifiable); left unmapped per policy."
LUMBER-SYP-2X10-10FT,2x10 southern yellow pine 10 ft dimensional lumber,SYP,No.2 (retail std),UNTREATED,2X10,10,120,30103603,Framing lumber,mapped,,,unmapped,"UNSPSC Codeset v8.1201 (GS1 US); verified 2026-10-08 against the published codeset, class 30103600 'Structural products'","Ambiguity recorded: UNSPSC also defines 30103607 'Wood joists'. Retail 2x8+ sold as generic dimensional framing maps to 30103603; pieces specified/sold as floor joists are a human-review case, never auto-merged. NULL: OmniClass Table 23 codes require the CSI publication (not publicly verifiable); left unmapped per policy."
LUMBER-SYP-2X10-12FT,2x10 southern yellow pine 12 ft dimensional lumber,SYP,No.2 (retail std),UNTREATED,2X10,12,144,30103603,Framing lumber,mapped,,,unmapped,"UNSPSC Codeset v8.1201 (GS1 US); verified 2026-10-08 against the published codeset, class 30103600 'Structural products'","Ambiguity recorded: UNSPSC also defines 30103607 'Wood joists'. Retail 2x8+ sold as generic dimensional framing maps to 30103603; pieces specified/sold as floor joists are a human-review case, never auto-merged. NULL: OmniClass Table 23 codes require the CSI publication (not publicly verifiable); left unmapped per policy."
LUMBER-SYP-2X10-16FT,2x10 southern yellow pine 16 ft dimensional lumber,SYP,No.2 (retail std),UNTREATED,2X10,16,192,30103603,Framing lumber,mapped,,,unmapped,"UNSPSC Codeset v8.1201 (GS1 US); verified 2026-10-08 against the published codeset, class 30103600 'Structural products'","Ambiguity recorded: UNSPSC also defines 30103607 'Wood joists'. Retail 2x8+ sold as generic dimensional framing maps to 30103603; pieces specified/sold as floor joists are a human-review case, never auto-merged. NULL: OmniClass Table 23 codes require the CSI publication (not publicly verifiable); left unmapped per policy."
LUMBER-SYP-2X12-8FT,2x12 southern yellow pine 8 ft dimensional lumber,SYP,No.2 (retail std),UNTREATED,2X12,8,96,30103603,Framing lumber,mapped,,,unmapped,"UNSPSC Codeset v8.1201 (GS1 US); verified 2026-10-08 against the published codeset, class 30103600 'Structural products'","Ambiguity recorded: UNSPSC also defines 30103607 'Wood joists'. Retail 2x8+ sold as generic dimensional framing maps to 30103603; pieces specified/sold as floor joists are a human-review case, never auto-merged. NULL: OmniClass Table 23 codes require the CSI publication (not publicly verifiable); left unmapped per policy."
LUMBER-SYP-2X12-10FT,2x12 southern yellow pine 10 ft dimensional lumber,SYP,No.2 (retail std),UNTREATED,2X12,10,120,30103603,Framing lumber,mapped,,,unmapped,"UNSPSC Codeset v8.1201 (GS1 US); verified 2026-10-08 against the published codeset, class 30103600 'Structural products'","Ambiguity recorded: UNSPSC also defines 30103607 'Wood joists'. Retail 2x8+ sold as generic dimensional framing maps to 30103603; pieces specified/sold as floor joists are a human-review case, never auto-merged. NULL: OmniClass Table 23 codes require the CSI publication (not publicly verifiable); left unmapped per policy."
LUMBER-SYP-2X12-12FT,2x12 southern yellow pine 12 ft dimensional lumber,SYP,No.2 (retail std),UNTREATED,2X12,12,144,30103603,Framing lumber,mapped,,,unmapped,"UNSPSC Codeset v8.1201 (GS1 US); verified 2026-10-08 against the published codeset, class 30103600 'Structural products'","Ambiguity recorded: UNSPSC also defines 30103607 'Wood joists'. Retail 2x8+ sold as generic dimensional framing maps to 30103603; pieces specified/sold as floor joists are a human-review case, never auto-merged. NULL: OmniClass Table 23 codes require the CSI publication (not publicly verifiable); left unmapped per policy."
LUMBER-SYP-2X12-16FT,2x12 southern yellow pine 16 ft dimensional lumber,SYP,No.2 (retail std),UNTREATED,2X12,16,192,30103603,Framing lumber,mapped,,,unmapped,"UNSPSC Codeset v8.1201 (GS1 US); verified 2026-10-08 against the published codeset, class 30103600 'Structural products'","Ambiguity recorded: UNSPSC also defines 30103607 'Wood joists'. Retail 2x8+ sold as generic dimensional framing maps to 30103603; pieces specified/sold as floor joists are a human-review case, never auto-merged. NULL: OmniClass Table 23 codes require the CSI publication (not publicly verifiable); left unmapped per policy."
LUMBER-DF-2X4-8FT,2x4 douglas fir-larch 8 ft dimensional lumber,DF,No.2 & better (retail std),UNTREATED,2X4,8,96,30103603,Framing lumber,mapped,,,unmapped,"UNSPSC Codeset v8.1201 (GS1 US); verified 2026-10-08 against the published codeset, class 30103600 'Structural products'",NULL: OmniClass Table 23 codes require the CSI publication (not publicly verifiable); left unmapped per policy.
LUMBER-DF-2X4-10FT,2x4 douglas fir-larch 10 ft dimensional lumber,DF,No.2 & better (retail std),UNTREATED,2X4,10,120,30103603,Framing lumber,mapped,,,unmapped,"UNSPSC Codeset v8.1201 (GS1 US); verified 2026-10-08 against the published codeset, class 30103600 'Structural products'",NULL: OmniClass Table 23 codes require the CSI publication (not publicly verifiable); left unmapped per policy.
LUMBER-DF-2X4-12FT,2x4 douglas fir-larch 12 ft dimensional lumber,DF,No.2 & better (retail std),UNTREATED,2X4,12,144,30103603,Framing lumber,mapped,,,unmapped,"UNSPSC Codeset v8.1201 (GS1 US); verified 2026-10-08 against the published codeset, class 30103600 'Structural products'",NULL: OmniClass Table 23 codes require the CSI publication (not publicly verifiable); left unmapped per policy.
LUMBER-DF-2X4-16FT,2x4 douglas fir-larch 16 ft dimensional lumber,DF,No.2 & better (retail std),UNTREATED,2X4,16,192,30103603,Framing lumber,mapped,,,unmapped,"UNSPSC Codeset v8.1201 (GS1 US); verified 2026-10-08 against the published codeset, class 30103600 'Structural products'",NULL: OmniClass Table 23 codes require the CSI publication (not publicly verifiable); left unmapped per policy.
LUMBER-DF-2X6-8FT,2x6 douglas fir-larch 8 ft dimensional lumber,DF,No.2 & better (retail std),UNTREATED,2X6,8,96,30103603,Framing lumber,mapped,,,unmapped,"UNSPSC Codeset v8.1201 (GS1 US); verified 2026-10-08 against the published codeset, class 30103600 'Structural products'",NULL: OmniClass Table 23 codes require the CSI publication (not publicly verifiable); left unmapped per policy.
LUMBER-DF-2X6-10FT,2x6 douglas fir-larch 10 ft dimensional lumber,DF,No.2 & better (retail std),UNTREATED,2X6,10,120,30103603,Framing lumber,mapped,,,unmapped,"UNSPSC Codeset v8.1201 (GS1 US); verified 2026-10-08 against the published codeset, class 30103600 'Structural products'",NULL: OmniClass Table 23 codes require the CSI publication (not publicly verifiable); left unmapped per policy.
LUMBER-DF-2X6-12FT,2x6 douglas fir-larch 12 ft dimensional lumber,DF,No.2 & better (retail std),UNTREATED,2X6,12,144,30103603,Framing lumber,mapped,,,unmapped,"UNSPSC Codeset v8.1201 (GS1 US); verified 2026-10-08 against the published codeset, class 30103600 'Structural products'",NULL: OmniClass Table 23 codes require the CSI publication (not publicly verifiable); left unmapped per policy.
LUMBER-DF-2X6-16FT,2x6 douglas fir-larch 16 ft dimensional lumber,DF,No.2 & better (retail std),UNTREATED,2X6,16,192,30103603,Framing lumber,mapped,,,unmapped,"UNSPSC Codeset v8.1201 (GS1 US); verified 2026-10-08 against the published codeset, class 30103600 'Structural products'",NULL: OmniClass Table 23 codes require the CSI publication (not publicly verifiable); left unmapped per policy.
LUMBER-DF-2X8-8FT,2x8 douglas fir-larch 8 ft dimensional lumber,DF,No.2 & better (retail std),UNTREATED,2X8,8,96,30103603,Framing lumber,mapped,,,unmapped,"UNSPSC Codeset v8.1201 (GS1 US); verified 2026-10-08 against the published codeset, class 30103600 'Structural products'","Ambiguity recorded: UNSPSC also defines 30103607 'Wood joists'. Retail 2x8+ sold as generic dimensional framing maps to 30103603; pieces specified/sold as floor joists are a human-review case, never auto-merged. NULL: OmniClass Table 23 codes require the CSI publication (not publicly verifiable); left unmapped per policy."
LUMBER-DF-2X8-10FT,2x8 douglas fir-larch 10 ft dimensional lumber,DF,No.2 & better (retail std),UNTREATED,2X8,10,120,30103603,Framing lumber,mapped,,,unmapped,"UNSPSC Codeset v8.1201 (GS1 US); verified 2026-10-08 against the published codeset, class 30103600 'Structural products'","Ambiguity recorded: UNSPSC also defines 30103607 'Wood joists'. Retail 2x8+ sold as generic dimensional framing maps to 30103603; pieces specified/sold as floor joists are a human-review case, never auto-merged. NULL: OmniClass Table 23 codes require the CSI publication (not publicly verifiable); left unmapped per policy."
LUMBER-DF-2X8-12FT,2x8 douglas fir-larch 12 ft dimensional lumber,DF,No.2 & better (retail std),UNTREATED,2X8,12,144,30103603,Framing lumber,mapped,,,unmapped,"UNSPSC Codeset v8.1201 (GS1 US); verified 2026-10-08 against the published codeset, class 30103600 'Structural products'","Ambiguity recorded: UNSPSC also defines 30103607 'Wood joists'. Retail 2x8+ sold as generic dimensional framing maps to 30103603; pieces specified/sold as floor joists are a human-review case, never auto-merged. NULL: OmniClass Table 23 codes require the CSI publication (not publicly verifiable); left unmapped per policy."
LUMBER-DF-2X8-16FT,2x8 douglas fir-larch 16 ft dimensional lumber,DF,No.2 & better (retail std),UNTREATED,2X8,16,192,30103603,Framing lumber,mapped,,,unmapped,"UNSPSC Codeset v8.1201 (GS1 US); verified 2026-10-08 against the published codeset, class 30103600 'Structural products'","Ambiguity recorded: UNSPSC also defines 30103607 'Wood joists'. Retail 2x8+ sold as generic dimensional framing maps to 30103603; pieces specified/sold as floor joists are a human-review case, never auto-merged. NULL: OmniClass Table 23 codes require the CSI publication (not publicly verifiable); left unmapped per policy."
LUMBER-DF-2X10-8FT,2x10 douglas fir-larch 8 ft dimensional lumber,DF,No.2 & better (retail std),UNTREATED,2X10,8,96,30103603,Framing lumber,mapped,,,unmapped,"UNSPSC Codeset v8.1201 (GS1 US); verified 2026-10-08 against the published codeset, class 30103600 'Structural products'","Ambiguity recorded: UNSPSC also defines 30103607 'Wood joists'. Retail 2x8+ sold as generic dimensional framing maps to 30103603; pieces specified/sold as floor joists are a human-review case, never auto-merged. NULL: OmniClass Table 23 codes require the CSI publication (not publicly verifiable); left unmapped per policy."
LUMBER-DF-2X10-10FT,2x10 douglas fir-larch 10 ft dimensional lumber,DF,No.2 & better (retail std),UNTREATED,2X10,10,120,30103603,Framing lumber,mapped,,,unmapped,"UNSPSC Codeset v8.1201 (GS1 US); verified 2026-10-08 against the published codeset, class 30103600 'Structural products'","Ambiguity recorded: UNSPSC also defines 30103607 'Wood joists'. Retail 2x8+ sold as generic dimensional framing maps to 30103603; pieces specified/sold as floor joists are a human-review case, never auto-merged. NULL: OmniClass Table 23 codes require the CSI publication (not publicly verifiable); left unmapped per policy."
LUMBER-DF-2X10-12FT,2x10 douglas fir-larch 12 ft dimensional lumber,DF,No.2 & better (retail std),UNTREATED,2X10,12,144,30103603,Framing lumber,mapped,,,unmapped,"UNSPSC Codeset v8.1201 (GS1 US); verified 2026-10-08 against the published codeset, class 30103600 'Structural products'","Ambiguity recorded: UNSPSC also defines 30103607 'Wood joists'. Retail 2x8+ sold as generic dimensional framing maps to 30103603; pieces specified/sold as floor joists are a human-review case, never auto-merged. NULL: OmniClass Table 23 codes require the CSI publication (not publicly verifiable); left unmapped per policy."
LUMBER-DF-2X10-16FT,2x10 douglas fir-larch 16 ft dimensional lumber,DF,No.2 & better (retail std),UNTREATED,2X10,16,192,30103603,Framing lumber,mapped,,,unmapped,"UNSPSC Codeset v8.1201 (GS1 US); verified 2026-10-08 against the published codeset, class 30103600 'Structural products'","Ambiguity recorded: UNSPSC also defines 30103607 'Wood joists'. Retail 2x8+ sold as generic dimensional framing maps to 30103603; pieces specified/sold as floor joists are a human-review case, never auto-merged. NULL: OmniClass Table 23 codes require the CSI publication (not publicly verifiable); left unmapped per policy."
LUMBER-DF-2X12-8FT,2x12 douglas fir-larch 8 ft dimensional lumber,DF,No.2 & better (retail std),UNTREATED,2X12,8,96,30103603,Framing lumber,mapped,,,unmapped,"UNSPSC Codeset v8.1201 (GS1 US); verified 2026-10-08 against the published codeset, class 30103600 'Structural products'","Ambiguity recorded: UNSPSC also defines 30103607 'Wood joists'. Retail 2x8+ sold as generic dimensional framing maps to 30103603; pieces specified/sold as floor joists are a human-review case, never auto-merged. NULL: OmniClass Table 23 codes require the CSI publication (not publicly verifiable); left unmapped per policy."
LUMBER-DF-2X12-10FT,2x12 douglas fir-larch 10 ft dimensional lumber,DF,No.2 & better (retail std),UNTREATED,2X12,10,120,30103603,Framing lumber,mapped,,,unmapped,"UNSPSC Codeset v8.1201 (GS1 US); verified 2026-10-08 against the published codeset, class 30103600 'Structural products'","Ambiguity recorded: UNSPSC also defines 30103607 'Wood joists'. Retail 2x8+ sold as generic dimensional framing maps to 30103603; pieces specified/sold as floor joists are a human-review case, never auto-merged. NULL: OmniClass Table 23 codes require the CSI publication (not publicly verifiable); left unmapped per policy."
LUMBER-DF-2X12-12FT,2x12 douglas fir-larch 12 ft dimensional lumber,DF,No.2 & better (retail std),UNTREATED,2X12,12,144,30103603,Framing lumber,mapped,,,unmapped,"UNSPSC Codeset v8.1201 (GS1 US); verified 2026-10-08 against the published codeset, class 30103600 'Structural products'","Ambiguity recorded: UNSPSC also defines 30103607 'Wood joists'. Retail 2x8+ sold as generic dimensional framing maps to 30103603; pieces specified/sold as floor joists are a human-review case, never auto-merged. NULL: OmniClass Table 23 codes require the CSI publication (not publicly verifiable); left unmapped per policy."
LUMBER-DF-2X12-16FT,2x12 douglas fir-larch 16 ft dimensional lumber,DF,No.2 & better (retail std),UNTREATED,2X12,16,192,30103603,Framing lumber,mapped,,,unmapped,"UNSPSC Codeset v8.1201 (GS1 US); verified 2026-10-08 against the published codeset, class 30103600 'Structural products'","Ambiguity recorded: UNSPSC also defines 30103607 'Wood joists'. Retail 2x8+ sold as generic dimensional framing maps to 30103603; pieces specified/sold as floor joists are a human-review case, never auto-merged. NULL: OmniClass Table 23 codes require the CSI publication (not publicly verifiable); left unmapped per policy."
LUMBER-PT-SYP-2X4-8FT,2x4 pressure-treated southern yellow pine 8 ft dimensional lumber,SYP,No.2 (retail std); species default SYP when listing says only 'pressure treated',PT,2X4,8,96,30103603,Framing lumber,mapped,,,unmapped,"UNSPSC Codeset v8.1201 (GS1 US); verified 2026-10-08 against the published codeset, class 30103600 'Structural products'",NULL: OmniClass Table 23 codes require the CSI publication (not publicly verifiable); left unmapped per policy.
LUMBER-PT-SYP-2X4-10FT,2x4 pressure-treated southern yellow pine 10 ft dimensional lumber,SYP,No.2 (retail std); species default SYP when listing says only 'pressure treated',PT,2X4,10,120,30103603,Framing lumber,mapped,,,unmapped,"UNSPSC Codeset v8.1201 (GS1 US); verified 2026-10-08 against the published codeset, class 30103600 'Structural products'",NULL: OmniClass Table 23 codes require the CSI publication (not publicly verifiable); left unmapped per policy.
LUMBER-PT-SYP-2X4-12FT,2x4 pressure-treated southern yellow pine 12 ft dimensional lumber,SYP,No.2 (retail std); species default SYP when listing says only 'pressure treated',PT,2X4,12,144,30103603,Framing lumber,mapped,,,unmapped,"UNSPSC Codeset v8.1201 (GS1 US); verified 2026-10-08 against the published codeset, class 30103600 'Structural products'",NULL: OmniClass Table 23 codes require the CSI publication (not publicly verifiable); left unmapped per policy.
LUMBER-PT-SYP-2X4-16FT,2x4 pressure-treated southern yellow pine 16 ft dimensional lumber,SYP,No.2 (retail std); species default SYP when listing says only 'pressure treated',PT,2X4,16,192,30103603,Framing lumber,mapped,,,unmapped,"UNSPSC Codeset v8.1201 (GS1 US); verified 2026-10-08 against the published codeset, class 30103600 'Structural products'",NULL: OmniClass Table 23 codes require the CSI publication (not publicly verifiable); left unmapped per policy.
LUMBER-PT-SYP-2X6-8FT,2x6 pressure-treated southern yellow pine 8 ft dimensional lumber,SYP,No.2 (retail std); species default SYP when listing says only 'pressure treated',PT,2X6,8,96,30103603,Framing lumber,mapped,,,unmapped,"UNSPSC Codeset v8.1201 (GS1 US); verified 2026-10-08 against the published codeset, class 30103600 'Structural products'",NULL: OmniClass Table 23 codes require the CSI publication (not publicly verifiable); left unmapped per policy.
LUMBER-PT-SYP-2X6-10FT,2x6 pressure-treated southern yellow pine 10 ft dimensional lumber,SYP,No.2 (retail std); species default SYP when listing says only 'pressure treated',PT,2X6,10,120,30103603,Framing lumber,mapped,,,unmapped,"UNSPSC Codeset v8.1201 (GS1 US); verified 2026-10-08 against the published codeset, class 30103600 'Structural products'",NULL: OmniClass Table 23 codes require the CSI publication (not publicly verifiable); left unmapped per policy.
LUMBER-PT-SYP-2X6-12FT,2x6 pressure-treated southern yellow pine 12 ft dimensional lumber,SYP,No.2 (retail std); species default SYP when listing says only 'pressure treated',PT,2X6,12,144,30103603,Framing lumber,mapped,,,unmapped,"UNSPSC Codeset v8.1201 (GS1 US); verified 2026-10-08 against the published codeset, class 30103600 'Structural products'",NULL: OmniClass Table 23 codes require the CSI publication (not publicly verifiable); left unmapped per policy.
LUMBER-PT-SYP-2X6-16FT,2x6 pressure-treated southern yellow pine 16 ft dimensional lumber,SYP,No.2 (retail std); species default SYP when listing says only 'pressure treated',PT,2X6,16,192,30103603,Framing lumber,mapped,,,unmapped,"UNSPSC Codeset v8.1201 (GS1 US); verified 2026-10-08 against the published codeset, class 30103600 'Structural products'",NULL: OmniClass Table 23 codes require the CSI publication (not publicly verifiable); left unmapped per policy.
LUMBER-PT-SYP-2X8-8FT,2x8 pressure-treated southern yellow pine 8 ft dimensional lumber,SYP,No.2 (retail std); species default SYP when listing says only 'pressure treated',PT,2X8,8,96,30103603,Framing lumber,mapped,,,unmapped,"UNSPSC Codeset v8.1201 (GS1 US); verified 2026-10-08 against the published codeset, class 30103600 'Structural products'","Ambiguity recorded: UNSPSC also defines 30103607 'Wood joists'. Retail 2x8+ sold as generic dimensional framing maps to 30103603; pieces specified/sold as floor joists are a human-review case, never auto-merged. NULL: OmniClass Table 23 codes require the CSI publication (not publicly verifiable); left unmapped per policy."
LUMBER-PT-SYP-2X8-10FT,2x8 pressure-treated southern yellow pine 10 ft dimensional lumber,SYP,No.2 (retail std); species default SYP when listing says only 'pressure treated',PT,2X8,10,120,30103603,Framing lumber,mapped,,,unmapped,"UNSPSC Codeset v8.1201 (GS1 US); verified 2026-10-08 against the published codeset, class 30103600 'Structural products'","Ambiguity recorded: UNSPSC also defines 30103607 'Wood joists'. Retail 2x8+ sold as generic dimensional framing maps to 30103603; pieces specified/sold as floor joists are a human-review case, never auto-merged. NULL: OmniClass Table 23 codes require the CSI publication (not publicly verifiable); left unmapped per policy."
LUMBER-PT-SYP-2X8-12FT,2x8 pressure-treated southern yellow pine 12 ft dimensional lumber,SYP,No.2 (retail std); species default SYP when listing says only 'pressure treated',PT,2X8,12,144,30103603,Framing lumber,mapped,,,unmapped,"UNSPSC Codeset v8.1201 (GS1 US); verified 2026-10-08 against the published codeset, class 30103600 'Structural products'","Ambiguity recorded: UNSPSC also defines 30103607 'Wood joists'. Retail 2x8+ sold as generic dimensional framing maps to 30103603; pieces specified/sold as floor joists are a human-review case, never auto-merged. NULL: OmniClass Table 23 codes require the CSI publication (not publicly verifiable); left unmapped per policy."
LUMBER-PT-SYP-2X8-16FT,2x8 pressure-treated southern yellow pine 16 ft dimensional lumber,SYP,No.2 (retail std); species default SYP when listing says only 'pressure treated',PT,2X8,16,192,30103603,Framing lumber,mapped,,,unmapped,"UNSPSC Codeset v8.1201 (GS1 US); verified 2026-10-08 against the published codeset, class 30103600 'Structural products'","Ambiguity recorded: UNSPSC also defines 30103607 'Wood joists'. Retail 2x8+ sold as generic dimensional framing maps to 30103603; pieces specified/sold as floor joists are a human-review case, never auto-merged. NULL: OmniClass Table 23 codes require the CSI publication (not publicly verifiable); left unmapped per policy."
LUMBER-PT-SYP-2X10-8FT,2x10 pressure-treated southern yellow pine 8 ft dimensional lumber,SYP,No.2 (retail std); species default SYP when listing says only 'pressure treated',PT,2X10,8,96,30103603,Framing lumber,mapped,,,unmapped,"UNSPSC Codeset v8.1201 (GS1 US); verified 2026-10-08 against the published codeset, class 30103600 'Structural products'","Ambiguity recorded: UNSPSC also defines 30103607 'Wood joists'. Retail 2x8+ sold as generic dimensional framing maps to 30103603; pieces specified/sold as floor joists are a human-review case, never auto-merged. NULL: OmniClass Table 23 codes require the CSI publication (not publicly verifiable); left unmapped per policy."
LUMBER-PT-SYP-2X10-10FT,2x10 pressure-treated southern yellow pine 10 ft dimensional lumber,SYP,No.2 (retail std); species default SYP when listing says only 'pressure treated',PT,2X10,10,120,30103603,Framing lumber,mapped,,,unmapped,"UNSPSC Codeset v8.1201 (GS1 US); verified 2026-10-08 against the published codeset, class 30103600 'Structural products'","Ambiguity recorded: UNSPSC also defines 30103607 'Wood joists'. Retail 2x8+ sold as generic dimensional framing maps to 30103603; pieces specified/sold as floor joists are a human-review case, never auto-merged. NULL: OmniClass Table 23 codes require the CSI publication (not publicly verifiable); left unmapped per policy."
LUMBER-PT-SYP-2X10-12FT,2x10 pressure-treated southern yellow pine 12 ft dimensional lumber,SYP,No.2 (retail std); species default SYP when listing says only 'pressure treated',PT,2X10,12,144,30103603,Framing lumber,mapped,,,unmapped,"UNSPSC Codeset v8.1201 (GS1 US); verified 2026-10-08 against the published codeset, class 30103600 'Structural products'","Ambiguity recorded: UNSPSC also defines 30103607 'Wood joists'. Retail 2x8+ sold as generic dimensional framing maps to 30103603; pieces specified/sold as floor joists are a human-review case, never auto-merged. NULL: OmniClass Table 23 codes require the CSI publication (not publicly verifiable); left unmapped per policy."
LUMBER-PT-SYP-2X10-16FT,2x10 pressure-treated southern yellow pine 16 ft dimensional lumber,SYP,No.2 (retail std); species default SYP when listing says only 'pressure treated',PT,2X10,16,192,30103603,Framing lumber,mapped,,,unmapped,"UNSPSC Codeset v8.1201 (GS1 US); verified 2026-10-08 against the published codeset, class 30103600 'Structural products'","Ambiguity recorded: UNSPSC also defines 30103607 'Wood joists'. Retail 2x8+ sold as generic dimensional framing maps to 30103603; pieces specified/sold as floor joists are a human-review case, never auto-merged. NULL: OmniClass Table 23 codes require the CSI publication (not publicly verifiable); left unmapped per policy."
LUMBER-PT-SYP-2X12-8FT,2x12 pressure-treated southern yellow pine 8 ft dimensional lumber,SYP,No.2 (retail std); species default SYP when listing says only 'pressure treated',PT,2X12,8,96,30103603,Framing lumber,mapped,,,unmapped,"UNSPSC Codeset v8.1201 (GS1 US); verified 2026-10-08 against the published codeset, class 30103600 'Structural products'","Ambiguity recorded: UNSPSC also defines 30103607 'Wood joists'. Retail 2x8+ sold as generic dimensional framing maps to 30103603; pieces specified/sold as floor joists are a human-review case, never auto-merged. NULL: OmniClass Table 23 codes require the CSI publication (not publicly verifiable); left unmapped per policy."
LUMBER-PT-SYP-2X12-10FT,2x12 pressure-treated southern yellow pine 10 ft dimensional lumber,SYP,No.2 (retail std); species default SYP when listing says only 'pressure treated',PT,2X12,10,120,30103603,Framing lumber,mapped,,,unmapped,"UNSPSC Codeset v8.1201 (GS1 US); verified 2026-10-08 against the published codeset, class 30103600 'Structural products'","Ambiguity recorded: UNSPSC also defines 30103607 'Wood joists'. Retail 2x8+ sold as generic dimensional framing maps to 30103603; pieces specified/sold as floor joists are a human-review case, never auto-merged. NULL: OmniClass Table 23 codes require the CSI publication (not publicly verifiable); left unmapped per policy."
LUMBER-PT-SYP-2X12-12FT,2x12 pressure-treated southern yellow pine 12 ft dimensional lumber,SYP,No.2 (retail std); species default SYP when listing says only 'pressure treated',PT,2X12,12,144,30103603,Framing lumber,mapped,,,unmapped,"UNSPSC Codeset v8.1201 (GS1 US); verified 2026-10-08 against the published codeset, class 30103600 'Structural products'","Ambiguity recorded: UNSPSC also defines 30103607 'Wood joists'. Retail 2x8+ sold as generic dimensional framing maps to 30103603; pieces specified/sold as floor joists are a human-review case, never auto-merged. NULL: OmniClass Table 23 codes require the CSI publication (not publicly verifiable); left unmapped per policy."
LUMBER-PT-SYP-2X12-16FT,2x12 pressure-treated southern yellow pine 16 ft dimensional lumber,SYP,No.2 (retail std); species default SYP when listing says only 'pressure treated',PT,2X12,16,192,30103603,Framing lumber,mapped,,,unmapped,"UNSPSC Codeset v8.1201 (GS1 US); verified 2026-10-08 against the published codeset, class 30103600 'Structural products'","Ambiguity recorded: UNSPSC also defines 30103607 'Wood joists'. Retail 2x8+ sold as generic dimensional framing maps to 30103603; pieces specified/sold as floor joists are a human-review case, never auto-merged. NULL: OmniClass Table 23 codes require the CSI publication (not publicly verifiable); left unmapped per policy."
