canonical_key,unspsc,unspsc_title,unspsc_status,omniclass23,omniclass23_title,omniclass23_status,provenance,note
INSUL-BAFFLE-ATTIC-VENT-24X48-10PK,,,ambiguous,,,unmapped,"UNSPSC Codeset v8.1201 (GS1 US); verified 2026-10-08 against the published codeset, family 30140000 'Insulation'","Attic ventilation baffle, not insulation; no verified commodity in this pass. NULL: OmniClass Table 23 codes require the CSI publication (not publicly verifiable); left unmapped per policy."
INSUL-BATT-R11-UNFACED-15IN-93IN,30141504,Insulation batts,mapped,,,unmapped,"UNSPSC Codeset v8.1201 (GS1 US); verified 2026-10-08 against the published codeset, family 30140000 'Insulation'",Batt/roll form. NULL: OmniClass Table 23 codes require the CSI publication (not publicly verifiable); left unmapped per policy.
INSUL-BATT-R13-15X93-KRAFT,30141504,Insulation batts,mapped,,,unmapped,"UNSPSC Codeset v8.1201 (GS1 US); verified 2026-10-08 against the published codeset, family 30140000 'Insulation'",Batt/roll form. NULL: OmniClass Table 23 codes require the CSI publication (not publicly verifiable); left unmapped per policy.
INSUL-BATT-R13-15X93-UNFACED,30141504,Insulation batts,mapped,,,unmapped,"UNSPSC Codeset v8.1201 (GS1 US); verified 2026-10-08 against the published codeset, family 30140000 'Insulation'",Batt/roll form. NULL: OmniClass Table 23 codes require the CSI publication (not publicly verifiable); left unmapped per policy.
INSUL-BATT-R13-23X93-KRAFT,30141504,Insulation batts,mapped,,,unmapped,"UNSPSC Codeset v8.1201 (GS1 US); verified 2026-10-08 against the published codeset, family 30140000 'Insulation'",Batt/roll form. NULL: OmniClass Table 23 codes require the CSI publication (not publicly verifiable); left unmapped per policy.
INSUL-BATT-R13-KRAFT-15IN-93IN,30141504,Insulation batts,mapped,,,unmapped,"UNSPSC Codeset v8.1201 (GS1 US); verified 2026-10-08 against the published codeset, family 30140000 'Insulation'",Batt/roll form. NULL: OmniClass Table 23 codes require the CSI publication (not publicly verifiable); left unmapped per policy.
INSUL-BATT-R13-UNFACED-15IN-93IN,30141504,Insulation batts,mapped,,,unmapped,"UNSPSC Codeset v8.1201 (GS1 US); verified 2026-10-08 against the published codeset, family 30140000 'Insulation'",Batt/roll form. NULL: OmniClass Table 23 codes require the CSI publication (not publicly verifiable); left unmapped per policy.
INSUL-BATT-R15-15X93-KRAFT,30141504,Insulation batts,mapped,,,unmapped,"UNSPSC Codeset v8.1201 (GS1 US); verified 2026-10-08 against the published codeset, family 30140000 'Insulation'",Batt/roll form. NULL: OmniClass Table 23 codes require the CSI publication (not publicly verifiable); left unmapped per policy.
INSUL-BATT-R15-KRAFT-15IN-93IN,30141504,Insulation batts,mapped,,,unmapped,"UNSPSC Codeset v8.1201 (GS1 US); verified 2026-10-08 against the published codeset, family 30140000 'Insulation'",Batt/roll form. NULL: OmniClass Table 23 codes require the CSI publication (not publicly verifiable); left unmapped per policy.
INSUL-BATT-R15-KRAFT-23IN-93IN,30141504,Insulation batts,mapped,,,unmapped,"UNSPSC Codeset v8.1201 (GS1 US); verified 2026-10-08 against the published codeset, family 30140000 'Insulation'",Batt/roll form. NULL: OmniClass Table 23 codes require the CSI publication (not publicly verifiable); left unmapped per policy.
INSUL-BATT-R19-15X93-KRAFT,30141504,Insulation batts,mapped,,,unmapped,"UNSPSC Codeset v8.1201 (GS1 US); verified 2026-10-08 against the published codeset, family 30140000 'Insulation'",Batt/roll form. NULL: OmniClass Table 23 codes require the CSI publication (not publicly verifiable); left unmapped per policy.
INSUL-BATT-R19-23X93-KRAFT,30141504,Insulation batts,mapped,,,unmapped,"UNSPSC Codeset v8.1201 (GS1 US); verified 2026-10-08 against the published codeset, family 30140000 'Insulation'",Batt/roll form. NULL: OmniClass Table 23 codes require the CSI publication (not publicly verifiable); left unmapped per policy.
INSUL-BATT-R19-KRAFT-15IN-93IN,30141504,Insulation batts,mapped,,,unmapped,"UNSPSC Codeset v8.1201 (GS1 US); verified 2026-10-08 against the published codeset, family 30140000 'Insulation'",Batt/roll form. NULL: OmniClass Table 23 codes require the CSI publication (not publicly verifiable); left unmapped per policy.
INSUL-BATT-R19-KRAFT-23IN-93IN,30141504,Insulation batts,mapped,,,unmapped,"UNSPSC Codeset v8.1201 (GS1 US); verified 2026-10-08 against the published codeset, family 30140000 'Insulation'",Batt/roll form. NULL: OmniClass Table 23 codes require the CSI publication (not publicly verifiable); left unmapped per policy.
INSUL-BATT-R21-KRAFT-15IN-93IN,30141504,Insulation batts,mapped,,,unmapped,"UNSPSC Codeset v8.1201 (GS1 US); verified 2026-10-08 against the published codeset, family 30140000 'Insulation'",Batt/roll form. NULL: OmniClass Table 23 codes require the CSI publication (not publicly verifiable); left unmapped per policy.
INSUL-BATT-R30-16X48-KRAFT,30141504,Insulation batts,mapped,,,unmapped,"UNSPSC Codeset v8.1201 (GS1 US); verified 2026-10-08 against the published codeset, family 30140000 'Insulation'",Batt/roll form. NULL: OmniClass Table 23 codes require the CSI publication (not publicly verifiable); left unmapped per policy.
INSUL-BATT-R30-KRAFT-16IN-48IN,30141504,Insulation batts,mapped,,,unmapped,"UNSPSC Codeset v8.1201 (GS1 US); verified 2026-10-08 against the published codeset, family 30140000 'Insulation'",Batt/roll form. NULL: OmniClass Table 23 codes require the CSI publication (not publicly verifiable); left unmapped per policy.
INSUL-BATT-R30-UNFACED-24IN-48IN,30141504,Insulation batts,mapped,,,unmapped,"UNSPSC Codeset v8.1201 (GS1 US); verified 2026-10-08 against the published codeset, family 30140000 'Insulation'",Batt/roll form. NULL: OmniClass Table 23 codes require the CSI publication (not publicly verifiable); left unmapped per policy.
INSUL-BATT-R38-16X48-KRAFT,30141504,Insulation batts,mapped,,,unmapped,"UNSPSC Codeset v8.1201 (GS1 US); verified 2026-10-08 against the published codeset, family 30140000 'Insulation'",Batt/roll form. NULL: OmniClass Table 23 codes require the CSI publication (not publicly verifiable); left unmapped per policy.
INSUL-BATT-R38-KRAFT-16IN-48IN,30141504,Insulation batts,mapped,,,unmapped,"UNSPSC Codeset v8.1201 (GS1 US); verified 2026-10-08 against the published codeset, family 30140000 'Insulation'",Batt/roll form. NULL: OmniClass Table 23 codes require the CSI publication (not publicly verifiable); left unmapped per policy.
INSUL-BATT-R38-UNFACED-24IN-48IN,30141504,Insulation batts,mapped,,,unmapped,"UNSPSC Codeset v8.1201 (GS1 US); verified 2026-10-08 against the published codeset, family 30140000 'Insulation'",Batt/roll form. NULL: OmniClass Table 23 codes require the CSI publication (not publicly verifiable); left unmapped per policy.
INSUL-BLOWIN-FIBERGLASS-ATTICAT-BAG,30141506,Loose fill insulation,mapped,,,unmapped,"UNSPSC Codeset v8.1201 (GS1 US); verified 2026-10-08 against the published codeset, family 30140000 'Insulation'",NULL: OmniClass Table 23 codes require the CSI publication (not publicly verifiable); left unmapped per policy.
INSUL-BLOWN-CELLULOSE-25LB,30141506,Loose fill insulation,mapped,,,unmapped,"UNSPSC Codeset v8.1201 (GS1 US); verified 2026-10-08 against the published codeset, family 30140000 'Insulation'",NULL: OmniClass Table 23 codes require the CSI publication (not publicly verifiable); left unmapped per policy.
INSUL-FIBERGLASS-BATT-R30-16OC-KRAFT,30141504,Insulation batts,mapped,,,unmapped,"UNSPSC Codeset v8.1201 (GS1 US); verified 2026-10-08 against the published codeset, family 30140000 'Insulation'",Batt/roll form. NULL: OmniClass Table 23 codes require the CSI publication (not publicly verifiable); left unmapped per policy.
INSUL-FIBERGLASS-BATT-R38-16OC-KRAFT,30141504,Insulation batts,mapped,,,unmapped,"UNSPSC Codeset v8.1201 (GS1 US); verified 2026-10-08 against the published codeset, family 30140000 'Insulation'",Batt/roll form. NULL: OmniClass Table 23 codes require the CSI publication (not publicly verifiable); left unmapped per policy.
INSUL-FOAM-GUN-GREATSTUFF-PRO-24OZ,30141507,Rigid board insulation,mapped,,,unmapped,"UNSPSC Codeset v8.1201 (GS1 US); verified 2026-10-08 against the published codeset, family 30140000 'Insulation'",Rigid board form; XPS/polyiso/EPS are material attributes. NULL: OmniClass Table 23 codes require the CSI publication (not publicly verifiable); left unmapped per policy.
INSUL-FOAM-POLYISO-1IN-4X8,30141507,Rigid board insulation,mapped,,,unmapped,"UNSPSC Codeset v8.1201 (GS1 US); verified 2026-10-08 against the published codeset, family 30140000 'Insulation'",Rigid board form; XPS/polyiso/EPS are material attributes. NULL: OmniClass Table 23 codes require the CSI publication (not publicly verifiable); left unmapped per policy.
INSUL-FOAM-POLYISO-1_2IN-4X8,30141507,Rigid board insulation,mapped,,,unmapped,"UNSPSC Codeset v8.1201 (GS1 US); verified 2026-10-08 against the published codeset, family 30140000 'Insulation'",Rigid board form; XPS/polyiso/EPS are material attributes. NULL: OmniClass Table 23 codes require the CSI publication (not publicly verifiable); left unmapped per policy.
INSUL-FOAM-RIGID-XPS-2IN-4X8,30141507,Rigid board insulation,mapped,,,unmapped,"UNSPSC Codeset v8.1201 (GS1 US); verified 2026-10-08 against the published codeset, family 30140000 'Insulation'",Rigid board form; XPS/polyiso/EPS are material attributes. NULL: OmniClass Table 23 codes require the CSI publication (not publicly verifiable); left unmapped per policy.
INSUL-FOAM-XPS-1IN-4X8,30141507,Rigid board insulation,mapped,,,unmapped,"UNSPSC Codeset v8.1201 (GS1 US); verified 2026-10-08 against the published codeset, family 30140000 'Insulation'",Rigid board form; XPS/polyiso/EPS are material attributes. NULL: OmniClass Table 23 codes require the CSI publication (not publicly verifiable); left unmapped per policy.
INSUL-FOAM-XPS-1_2IN-4X8,30141507,Rigid board insulation,mapped,,,unmapped,"UNSPSC Codeset v8.1201 (GS1 US); verified 2026-10-08 against the published codeset, family 30140000 'Insulation'",Rigid board form; XPS/polyiso/EPS are material attributes. NULL: OmniClass Table 23 codes require the CSI publication (not publicly verifiable); left unmapped per policy.
INSUL-FOAM-XPS-1_5IN-4X8,30141507,Rigid board insulation,mapped,,,unmapped,"UNSPSC Codeset v8.1201 (GS1 US); verified 2026-10-08 against the published codeset, family 30140000 'Insulation'",Rigid board form; XPS/polyiso/EPS are material attributes. NULL: OmniClass Table 23 codes require the CSI publication (not publicly verifiable); left unmapped per policy.
INSUL-FOAM-XPS-2IN-4X8,30141507,Rigid board insulation,mapped,,,unmapped,"UNSPSC Codeset v8.1201 (GS1 US); verified 2026-10-08 against the published codeset, family 30140000 'Insulation'",Rigid board form; XPS/polyiso/EPS are material attributes. NULL: OmniClass Table 23 codes require the CSI publication (not publicly verifiable); left unmapped per policy.
INSUL-MINERAL-WOOL-ROCKWOOL-15IN,30141504,Insulation batts,mapped,,,unmapped,"UNSPSC Codeset v8.1201 (GS1 US); verified 2026-10-08 against the published codeset, family 30140000 'Insulation'",Batt/roll form. Mineral wool batts are batts; material is an attribute. NULL: OmniClass Table 23 codes require the CSI publication (not publicly verifiable); left unmapped per policy.
INSUL-POLYISO-RMAX-1IN-4X8,30141507,Rigid board insulation,mapped,,,unmapped,"UNSPSC Codeset v8.1201 (GS1 US); verified 2026-10-08 against the published codeset, family 30140000 'Insulation'",Rigid board form; XPS/polyiso/EPS are material attributes. NULL: OmniClass Table 23 codes require the CSI publication (not publicly verifiable); left unmapped per policy.
INSUL-POLYISO-RMAX-1_2-4X8,30141507,Rigid board insulation,mapped,,,unmapped,"UNSPSC Codeset v8.1201 (GS1 US); verified 2026-10-08 against the published codeset, family 30140000 'Insulation'",Rigid board form; XPS/polyiso/EPS are material attributes. NULL: OmniClass Table 23 codes require the CSI publication (not publicly verifiable); left unmapped per policy.
INSUL-POLYISO-RMAX-2IN-4X8,30141507,Rigid board insulation,mapped,,,unmapped,"UNSPSC Codeset v8.1201 (GS1 US); verified 2026-10-08 against the published codeset, family 30140000 'Insulation'",Rigid board form; XPS/polyiso/EPS are material attributes. NULL: OmniClass Table 23 codes require the CSI publication (not publicly verifiable); left unmapped per policy.
INSUL-ROCKWOOL-COMFORTBATT-R15-16OC,30141504,Insulation batts,mapped,,,unmapped,"UNSPSC Codeset v8.1201 (GS1 US); verified 2026-10-08 against the published codeset, family 30140000 'Insulation'",Batt/roll form. Mineral wool batts are batts; material is an attribute. NULL: OmniClass Table 23 codes require the CSI publication (not publicly verifiable); left unmapped per policy.
INSUL-ROCKWOOL-SAFENSOOUND-16OC,30141504,Insulation batts,mapped,,,unmapped,"UNSPSC Codeset v8.1201 (GS1 US); verified 2026-10-08 against the published codeset, family 30140000 'Insulation'",Batt/roll form. Mineral wool batts are batts; material is an attribute. NULL: OmniClass Table 23 codes require the CSI publication (not publicly verifiable); left unmapped per policy.
INSUL-ROLL-R13-15X32-KRAFT,30141504,Insulation batts,mapped,,,unmapped,"UNSPSC Codeset v8.1201 (GS1 US); verified 2026-10-08 against the published codeset, family 30140000 'Insulation'",Batt/roll form. NULL: OmniClass Table 23 codes require the CSI publication (not publicly verifiable); left unmapped per policy.
INSUL-ROLL-R13-KRAFT-15IN-32FT,30141504,Insulation batts,mapped,,,unmapped,"UNSPSC Codeset v8.1201 (GS1 US); verified 2026-10-08 against the published codeset, family 30140000 'Insulation'",Batt/roll form. NULL: OmniClass Table 23 codes require the CSI publication (not publicly verifiable); left unmapped per policy.
INSUL-XPS-FOAMULAR-1IN-4X8,30141507,Rigid board insulation,mapped,,,unmapped,"UNSPSC Codeset v8.1201 (GS1 US); verified 2026-10-08 against the published codeset, family 30140000 'Insulation'",Rigid board form; XPS/polyiso/EPS are material attributes. NULL: OmniClass Table 23 codes require the CSI publication (not publicly verifiable); left unmapped per policy.
INSUL-XPS-FOAMULAR-1_2-4X8,30141507,Rigid board insulation,mapped,,,unmapped,"UNSPSC Codeset v8.1201 (GS1 US); verified 2026-10-08 against the published codeset, family 30140000 'Insulation'",Rigid board form; XPS/polyiso/EPS are material attributes. NULL: OmniClass Table 23 codes require the CSI publication (not publicly verifiable); left unmapped per policy.
INSUL-XPS-FOAMULAR-1_5IN-4X8,30141507,Rigid board insulation,mapped,,,unmapped,"UNSPSC Codeset v8.1201 (GS1 US); verified 2026-10-08 against the published codeset, family 30140000 'Insulation'",Rigid board form; XPS/polyiso/EPS are material attributes. NULL: OmniClass Table 23 codes require the CSI publication (not publicly verifiable); left unmapped per policy.
INSUL-XPS-FOAMULAR-2IN-4X8,30141507,Rigid board insulation,mapped,,,unmapped,"UNSPSC Codeset v8.1201 (GS1 US); verified 2026-10-08 against the published codeset, family 30140000 'Insulation'",Rigid board form; XPS/polyiso/EPS are material attributes. NULL: OmniClass Table 23 codes require the CSI publication (not publicly verifiable); left unmapped per policy.
INSULATION-BATT-FIBERGLASS-R13-15IN,30141504,Insulation batts,mapped,,,unmapped,"UNSPSC Codeset v8.1201 (GS1 US); verified 2026-10-08 against the published codeset, family 30140000 'Insulation'",Batt/roll form. NULL: OmniClass Table 23 codes require the CSI publication (not publicly verifiable); left unmapped per policy.
INSULATION-BATT-FIBERGLASS-R19-15IN,30141504,Insulation batts,mapped,,,unmapped,"UNSPSC Codeset v8.1201 (GS1 US); verified 2026-10-08 against the published codeset, family 30140000 'Insulation'",Batt/roll form. NULL: OmniClass Table 23 codes require the CSI publication (not publicly verifiable); left unmapped per policy.
INSULATION-BATT-FIBERGLASS-R30-15IN,30141504,Insulation batts,mapped,,,unmapped,"UNSPSC Codeset v8.1201 (GS1 US); verified 2026-10-08 against the published codeset, family 30140000 'Insulation'",Batt/roll form. NULL: OmniClass Table 23 codes require the CSI publication (not publicly verifiable); left unmapped per policy.
INSULATION-BATT-FIBERGLASS-R38-15IN,30141504,Insulation batts,mapped,,,unmapped,"UNSPSC Codeset v8.1201 (GS1 US); verified 2026-10-08 against the published codeset, family 30140000 'Insulation'",Batt/roll form. NULL: OmniClass Table 23 codes require the CSI publication (not publicly verifiable); left unmapped per policy.
INSULATION-BATT-R13-15X93-KRAFT,30141504,Insulation batts,mapped,,,unmapped,"UNSPSC Codeset v8.1201 (GS1 US); verified 2026-10-08 against the published codeset, family 30140000 'Insulation'",Batt/roll form. NULL: OmniClass Table 23 codes require the CSI publication (not publicly verifiable); left unmapped per policy.
INSULATION-BATT-R13-15X93-UNFACED,30141504,Insulation batts,mapped,,,unmapped,"UNSPSC Codeset v8.1201 (GS1 US); verified 2026-10-08 against the published codeset, family 30140000 'Insulation'",Batt/roll form. NULL: OmniClass Table 23 codes require the CSI publication (not publicly verifiable); left unmapped per policy.
INSULATION-BATT-R15-15X93-KRAFT,30141504,Insulation batts,mapped,,,unmapped,"UNSPSC Codeset v8.1201 (GS1 US); verified 2026-10-08 against the published codeset, family 30140000 'Insulation'",Batt/roll form. NULL: OmniClass Table 23 codes require the CSI publication (not publicly verifiable); left unmapped per policy.
INSULATION-BATT-R19-15X93-KRAFT,30141504,Insulation batts,mapped,,,unmapped,"UNSPSC Codeset v8.1201 (GS1 US); verified 2026-10-08 against the published codeset, family 30140000 'Insulation'",Batt/roll form. NULL: OmniClass Table 23 codes require the CSI publication (not publicly verifiable); left unmapped per policy.
INSULATION-BATT-R19-23X93-KRAFT,30141504,Insulation batts,mapped,,,unmapped,"UNSPSC Codeset v8.1201 (GS1 US); verified 2026-10-08 against the published codeset, family 30140000 'Insulation'",Batt/roll form. NULL: OmniClass Table 23 codes require the CSI publication (not publicly verifiable); left unmapped per policy.
INSULATION-BATT-R21-15X93-KRAFT,30141504,Insulation batts,mapped,,,unmapped,"UNSPSC Codeset v8.1201 (GS1 US); verified 2026-10-08 against the published codeset, family 30140000 'Insulation'",Batt/roll form. NULL: OmniClass Table 23 codes require the CSI publication (not publicly verifiable); left unmapped per policy.
INSULATION-BATT-R30-15X48-KRAFT,30141504,Insulation batts,mapped,,,unmapped,"UNSPSC Codeset v8.1201 (GS1 US); verified 2026-10-08 against the published codeset, family 30140000 'Insulation'",Batt/roll form. NULL: OmniClass Table 23 codes require the CSI publication (not publicly verifiable); left unmapped per policy.
INSULATION-BATT-R30-24X48-KRAFT,30141504,Insulation batts,mapped,,,unmapped,"UNSPSC Codeset v8.1201 (GS1 US); verified 2026-10-08 against the published codeset, family 30140000 'Insulation'",Batt/roll form. NULL: OmniClass Table 23 codes require the CSI publication (not publicly verifiable); left unmapped per policy.
INSULATION-BATT-R38-24X48-KRAFT,30141504,Insulation batts,mapped,,,unmapped,"UNSPSC Codeset v8.1201 (GS1 US); verified 2026-10-08 against the published codeset, family 30140000 'Insulation'",Batt/roll form. NULL: OmniClass Table 23 codes require the CSI publication (not publicly verifiable); left unmapped per policy.
INSULATION-BLOCKFILL-PERLITE-24LB,30141506,Loose fill insulation,mapped,,,unmapped,"UNSPSC Codeset v8.1201 (GS1 US); verified 2026-10-08 against the published codeset, family 30140000 'Insulation'",Poured block-fill (perlite) is loose-fill by application. NULL: OmniClass Table 23 codes require the CSI publication (not publicly verifiable); left unmapped per policy.
INSULATION-FOAMBOARD-EPS-1IN-4X8,30141507,Rigid board insulation,mapped,,,unmapped,"UNSPSC Codeset v8.1201 (GS1 US); verified 2026-10-08 against the published codeset, family 30140000 'Insulation'",Rigid board form; XPS/polyiso/EPS are material attributes. NULL: OmniClass Table 23 codes require the CSI publication (not publicly verifiable); left unmapped per policy.
INSULATION-FOAMBOARD-POLYISO-1IN-4X8,30141507,Rigid board insulation,mapped,,,unmapped,"UNSPSC Codeset v8.1201 (GS1 US); verified 2026-10-08 against the published codeset, family 30140000 'Insulation'",Rigid board form; XPS/polyiso/EPS are material attributes. NULL: OmniClass Table 23 codes require the CSI publication (not publicly verifiable); left unmapped per policy.
INSULATION-FOAMBOARD-XPS-1IN-4X8,30141507,Rigid board insulation,mapped,,,unmapped,"UNSPSC Codeset v8.1201 (GS1 US); verified 2026-10-08 against the published codeset, family 30140000 'Insulation'",Rigid board form; XPS/polyiso/EPS are material attributes. NULL: OmniClass Table 23 codes require the CSI publication (not publicly verifiable); left unmapped per policy.
INSULATION-FOAMBOARD-XPS-1_2-4X8,30141507,Rigid board insulation,mapped,,,unmapped,"UNSPSC Codeset v8.1201 (GS1 US); verified 2026-10-08 against the published codeset, family 30140000 'Insulation'",Rigid board form; XPS/polyiso/EPS are material attributes. NULL: OmniClass Table 23 codes require the CSI publication (not publicly verifiable); left unmapped per policy.
INSULATION-FOAMBOARD-XPS-1_5-4X8,30141507,Rigid board insulation,mapped,,,unmapped,"UNSPSC Codeset v8.1201 (GS1 US); verified 2026-10-08 against the published codeset, family 30140000 'Insulation'",Rigid board form; XPS/polyiso/EPS are material attributes. NULL: OmniClass Table 23 codes require the CSI publication (not publicly verifiable); left unmapped per policy.
INSULATION-FOAMBOARD-XPS-2IN-4X8,30141507,Rigid board insulation,mapped,,,unmapped,"UNSPSC Codeset v8.1201 (GS1 US); verified 2026-10-08 against the published codeset, family 30140000 'Insulation'",Rigid board form; XPS/polyiso/EPS are material attributes. NULL: OmniClass Table 23 codes require the CSI publication (not publicly verifiable); left unmapped per policy.
INSULATION-RIGID-POLYISO-1.5IN-R9,30141507,Rigid board insulation,mapped,,,unmapped,"UNSPSC Codeset v8.1201 (GS1 US); verified 2026-10-08 against the published codeset, family 30140000 'Insulation'",Rigid board form; XPS/polyiso/EPS are material attributes. NULL: OmniClass Table 23 codes require the CSI publication (not publicly verifiable); left unmapped per policy.
INSULATION-RIGID-POLYISO-1IN-R6,30141507,Rigid board insulation,mapped,,,unmapped,"UNSPSC Codeset v8.1201 (GS1 US); verified 2026-10-08 against the published codeset, family 30140000 'Insulation'",Rigid board form; XPS/polyiso/EPS are material attributes. NULL: OmniClass Table 23 codes require the CSI publication (not publicly verifiable); left unmapped per policy.
INSULATION-RIGID-POLYISO-2IN-R13,30141507,Rigid board insulation,mapped,,,unmapped,"UNSPSC Codeset v8.1201 (GS1 US); verified 2026-10-08 against the published codeset, family 30140000 'Insulation'",Rigid board form; XPS/polyiso/EPS are material attributes. NULL: OmniClass Table 23 codes require the CSI publication (not publicly verifiable); left unmapped per policy.
INSULATION-RIGID-XPS-1.5IN-R7.5,30141507,Rigid board insulation,mapped,,,unmapped,"UNSPSC Codeset v8.1201 (GS1 US); verified 2026-10-08 against the published codeset, family 30140000 'Insulation'",Rigid board form; XPS/polyiso/EPS are material attributes. NULL: OmniClass Table 23 codes require the CSI publication (not publicly verifiable); left unmapped per policy.
INSULATION-RIGID-XPS-1IN-R5,30141507,Rigid board insulation,mapped,,,unmapped,"UNSPSC Codeset v8.1201 (GS1 US); verified 2026-10-08 against the published codeset, family 30140000 'Insulation'",Rigid board form; XPS/polyiso/EPS are material attributes. NULL: OmniClass Table 23 codes require the CSI publication (not publicly verifiable); left unmapped per policy.
INSULATION-RIGID-XPS-1IN-R5-TG,30141507,Rigid board insulation,mapped,,,unmapped,"UNSPSC Codeset v8.1201 (GS1 US); verified 2026-10-08 against the published codeset, family 30140000 'Insulation'",Rigid board form; XPS/polyiso/EPS are material attributes. NULL: OmniClass Table 23 codes require the CSI publication (not publicly verifiable); left unmapped per policy.
INSULATION-RIGID-XPS-2IN-R10,30141507,Rigid board insulation,mapped,,,unmapped,"UNSPSC Codeset v8.1201 (GS1 US); verified 2026-10-08 against the published codeset, family 30140000 'Insulation'",Rigid board form; XPS/polyiso/EPS are material attributes. NULL: OmniClass Table 23 codes require the CSI publication (not publicly verifiable); left unmapped per policy.
INSULATION-RIGID-XPS-2IN-R10-TG,30141507,Rigid board insulation,mapped,,,unmapped,"UNSPSC Codeset v8.1201 (GS1 US); verified 2026-10-08 against the published codeset, family 30140000 'Insulation'",Rigid board form; XPS/polyiso/EPS are material attributes. NULL: OmniClass Table 23 codes require the CSI publication (not publicly verifiable); left unmapped per policy.
INSULATION-ROLL-R13-15X32-KRAFT,30141504,Insulation batts,mapped,,,unmapped,"UNSPSC Codeset v8.1201 (GS1 US); verified 2026-10-08 against the published codeset, family 30140000 'Insulation'",Batt/roll form. NULL: OmniClass Table 23 codes require the CSI publication (not publicly verifiable); left unmapped per policy.
INSULATION-ROOF-COVERBOARD-HD-0.5IN,30141507,Rigid board insulation,mapped,,,unmapped,"UNSPSC Codeset v8.1201 (GS1 US); verified 2026-10-08 against the published codeset, family 30140000 'Insulation'",Rigid board form; XPS/polyiso/EPS are material attributes. Commercial roofing application; same commodity. NULL: OmniClass Table 23 codes require the CSI publication (not publicly verifiable); left unmapped per policy.
INSULATION-ROOF-POLYISO-FLAT-1.5IN,30141507,Rigid board insulation,mapped,,,unmapped,"UNSPSC Codeset v8.1201 (GS1 US); verified 2026-10-08 against the published codeset, family 30140000 'Insulation'",Rigid board form; XPS/polyiso/EPS are material attributes. Commercial roofing application; same commodity. NULL: OmniClass Table 23 codes require the CSI publication (not publicly verifiable); left unmapped per policy.
INSULATION-ROOF-POLYISO-FLAT-2IN,30141507,Rigid board insulation,mapped,,,unmapped,"UNSPSC Codeset v8.1201 (GS1 US); verified 2026-10-08 against the published codeset, family 30140000 'Insulation'",Rigid board form; XPS/polyiso/EPS are material attributes. Commercial roofing application; same commodity. NULL: OmniClass Table 23 codes require the CSI publication (not publicly verifiable); left unmapped per policy.
INSULATION-ROOF-POLYISO-TAPERED-4X4,30141507,Rigid board insulation,mapped,,,unmapped,"UNSPSC Codeset v8.1201 (GS1 US); verified 2026-10-08 against the published codeset, family 30140000 'Insulation'",Rigid board form; XPS/polyiso/EPS are material attributes. Commercial roofing application; same commodity. NULL: OmniClass Table 23 codes require the CSI publication (not publicly verifiable); left unmapped per policy.
INSULATION-SPRAYFOAM-BIGGAP-12OZ,30141503,Foam insulation,mapped,,,unmapped,"UNSPSC Codeset v8.1201 (GS1 US); verified 2026-10-08 against the published codeset, family 30140000 'Insulation'",One-component sealant cans and two-part kits are both foam insulation; professional vs DIY is an attribute. NULL: OmniClass Table 23 codes require the CSI publication (not publicly verifiable); left unmapped per policy.
INSULATION-SPRAYFOAM-FIREBLOCK-12OZ,30141503,Foam insulation,mapped,,,unmapped,"UNSPSC Codeset v8.1201 (GS1 US); verified 2026-10-08 against the published codeset, family 30140000 'Insulation'",One-component sealant cans and two-part kits are both foam insulation; professional vs DIY is an attribute. NULL: OmniClass Table 23 codes require the CSI publication (not publicly verifiable); left unmapped per policy.
INSULATION-SPRAYFOAM-FROTHPAK-200,30141503,Foam insulation,mapped,,,unmapped,"UNSPSC Codeset v8.1201 (GS1 US); verified 2026-10-08 against the published codeset, family 30140000 'Insulation'",One-component sealant cans and two-part kits are both foam insulation; professional vs DIY is an attribute. NULL: OmniClass Table 23 codes require the CSI publication (not publicly verifiable); left unmapped per policy.
INSULATION-SPRAYFOAM-GAPS-12OZ,30141503,Foam insulation,mapped,,,unmapped,"UNSPSC Codeset v8.1201 (GS1 US); verified 2026-10-08 against the published codeset, family 30140000 'Insulation'",One-component sealant cans and two-part kits are both foam insulation; professional vs DIY is an attribute. NULL: OmniClass Table 23 codes require the CSI publication (not publicly verifiable); left unmapped per policy.
INSULATION-SPRAYFOAM-GAPS-16OZ,30141503,Foam insulation,mapped,,,unmapped,"UNSPSC Codeset v8.1201 (GS1 US); verified 2026-10-08 against the published codeset, family 30140000 'Insulation'",One-component sealant cans and two-part kits are both foam insulation; professional vs DIY is an attribute. NULL: OmniClass Table 23 codes require the CSI publication (not publicly verifiable); left unmapped per policy.
INSULATION-SPRAYFOAM-WINDOOR-12OZ,30141503,Foam insulation,mapped,,,unmapped,"UNSPSC Codeset v8.1201 (GS1 US); verified 2026-10-08 against the published codeset, family 30140000 'Insulation'",One-component sealant cans and two-part kits are both foam insulation; professional vs DIY is an attribute. NULL: OmniClass Table 23 codes require the CSI publication (not publicly verifiable); left unmapped per policy.
TAPE-FLASH-TYVEK-4IN-75FT,,,ambiguous,,,unmapped,"UNSPSC Codeset v8.1201 (GS1 US); verified 2026-10-08 against the published codeset, family 30140000 'Insulation'",Flashing/seam tape: WRB-system accessory; no verified commodity in this pass (tapes belong to a future sealants/adhesives pass). NULL: OmniClass Table 23 codes require the CSI publication (not publicly verifiable); left unmapped per policy.
TAPE-FLASH-TYVEK-FLEXWRAP-6IN-75FT,,,ambiguous,,,unmapped,"UNSPSC Codeset v8.1201 (GS1 US); verified 2026-10-08 against the published codeset, family 30140000 'Insulation'",Flashing/seam tape: WRB-system accessory; no verified commodity in this pass (tapes belong to a future sealants/adhesives pass). NULL: OmniClass Table 23 codes require the CSI publication (not publicly verifiable); left unmapped per policy.
TAPE-FLASH-TYVEK-FLEXWRAP-9IN-75FT,,,ambiguous,,,unmapped,"UNSPSC Codeset v8.1201 (GS1 US); verified 2026-10-08 against the published codeset, family 30140000 'Insulation'",Flashing/seam tape: WRB-system accessory; no verified commodity in this pass (tapes belong to a future sealants/adhesives pass). NULL: OmniClass Table 23 codes require the CSI publication (not publicly verifiable); left unmapped per policy.
TAPE-FLASHING-SELFADHERING-4X75,,,ambiguous,,,unmapped,"UNSPSC Codeset v8.1201 (GS1 US); verified 2026-10-08 against the published codeset, family 30140000 'Insulation'",Flashing/seam tape: WRB-system accessory; no verified commodity in this pass (tapes belong to a future sealants/adhesives pass). NULL: OmniClass Table 23 codes require the CSI publication (not publicly verifiable); left unmapped per policy.
TAPE-FLASHING-SELFADHERING-6X75,,,ambiguous,,,unmapped,"UNSPSC Codeset v8.1201 (GS1 US); verified 2026-10-08 against the published codeset, family 30140000 'Insulation'",Flashing/seam tape: WRB-system accessory; no verified commodity in this pass (tapes belong to a future sealants/adhesives pass). NULL: OmniClass Table 23 codes require the CSI publication (not publicly verifiable); left unmapped per policy.
TAPE-SEAM-REX-3IN-165FT,,,ambiguous,,,unmapped,"UNSPSC Codeset v8.1201 (GS1 US); verified 2026-10-08 against the published codeset, family 30140000 'Insulation'",Flashing/seam tape: WRB-system accessory; no verified commodity in this pass (tapes belong to a future sealants/adhesives pass). NULL: OmniClass Table 23 codes require the CSI publication (not publicly verifiable); left unmapped per policy.
TAPE-SEAM-TYVEK-1_88X164,,,ambiguous,,,unmapped,"UNSPSC Codeset v8.1201 (GS1 US); verified 2026-10-08 against the published codeset, family 30140000 'Insulation'",Flashing/seam tape: WRB-system accessory; no verified commodity in this pass (tapes belong to a future sealants/adhesives pass). NULL: OmniClass Table 23 codes require the CSI publication (not publicly verifiable); left unmapped per policy.
TAPE-SEAM-TYVEK-2IN-55M,,,ambiguous,,,unmapped,"UNSPSC Codeset v8.1201 (GS1 US); verified 2026-10-08 against the published codeset, family 30140000 'Insulation'",Flashing/seam tape: WRB-system accessory; no verified commodity in this pass (tapes belong to a future sealants/adhesives pass). NULL: OmniClass Table 23 codes require the CSI publication (not publicly verifiable); left unmapped per policy.
WEATHER-BARRIER-TYVEK-9X100,,,ambiguous,,,unmapped,"UNSPSC Codeset v8.1201 (GS1 US); verified 2026-10-08 against the published codeset, family 30140000 'Insulation'",NO housewrap/weather-barrier commodity in v8.1201. WRB is not thermal insulation; left code-empty. Material and roll size are the identity attributes. NULL: OmniClass Table 23 codes require the CSI publication (not publicly verifiable); left unmapped per policy.
WEATHER-BARRIER-TYVEK-9X150,,,ambiguous,,,unmapped,"UNSPSC Codeset v8.1201 (GS1 US); verified 2026-10-08 against the published codeset, family 30140000 'Insulation'",NO housewrap/weather-barrier commodity in v8.1201. WRB is not thermal insulation; left code-empty. Material and roll size are the identity attributes. NULL: OmniClass Table 23 codes require the CSI publication (not publicly verifiable); left unmapped per policy.
WEATHER-HOUSEWRAP-TYVEK-3X100,,,ambiguous,,,unmapped,"UNSPSC Codeset v8.1201 (GS1 US); verified 2026-10-08 against the published codeset, family 30140000 'Insulation'",NO housewrap/weather-barrier commodity in v8.1201. WRB is not thermal insulation; left code-empty. Material and roll size are the identity attributes. NULL: OmniClass Table 23 codes require the CSI publication (not publicly verifiable); left unmapped per policy.
WEATHER-HOUSEWRAP-TYVEK-9X100,,,ambiguous,,,unmapped,"UNSPSC Codeset v8.1201 (GS1 US); verified 2026-10-08 against the published codeset, family 30140000 'Insulation'",NO housewrap/weather-barrier commodity in v8.1201. WRB is not thermal insulation; left code-empty. Material and roll size are the identity attributes. NULL: OmniClass Table 23 codes require the CSI publication (not publicly verifiable); left unmapped per policy.
WEATHER-HOUSEWRAP-TYVEK-9X150,,,ambiguous,,,unmapped,"UNSPSC Codeset v8.1201 (GS1 US); verified 2026-10-08 against the published codeset, family 30140000 'Insulation'",NO housewrap/weather-barrier commodity in v8.1201. WRB is not thermal insulation; left code-empty. Material and roll size are the identity attributes. NULL: OmniClass Table 23 codes require the CSI publication (not publicly verifiable); left unmapped per policy.
WEATHER-POLY-6MIL-10X100,,,ambiguous,,,unmapped,"UNSPSC Codeset v8.1201 (GS1 US); verified 2026-10-08 against the published codeset, family 30140000 'Insulation'",Poly sheeting vapor barrier: no verified commodity; left code-empty. NULL: OmniClass Table 23 codes require the CSI publication (not publicly verifiable); left unmapped per policy.
WEATHER-POLY-6MIL-20X100,,,ambiguous,,,unmapped,"UNSPSC Codeset v8.1201 (GS1 US); verified 2026-10-08 against the published codeset, family 30140000 'Insulation'",Poly sheeting vapor barrier: no verified commodity; left code-empty. NULL: OmniClass Table 23 codes require the CSI publication (not publicly verifiable); left unmapped per policy.
WEATHER-SILLSEAL-5_5X50,,,ambiguous,,,unmapped,"UNSPSC Codeset v8.1201 (GS1 US); verified 2026-10-08 against the published codeset, family 30140000 'Insulation'",Sill-plate foam gasket; no verified commodity in this pass. NULL: OmniClass Table 23 codes require the CSI publication (not publicly verifiable); left unmapped per policy.
WEATHER-TAPE-FLASHING-TYVEK-4IN-75FT,,,ambiguous,,,unmapped,"UNSPSC Codeset v8.1201 (GS1 US); verified 2026-10-08 against the published codeset, family 30140000 'Insulation'",Flashing/seam tape: WRB-system accessory; no verified commodity in this pass (tapes belong to a future sealants/adhesives pass). NULL: OmniClass Table 23 codes require the CSI publication (not publicly verifiable); left unmapped per policy.
WEATHER-TAPE-TYVEK-1_88X164,,,ambiguous,,,unmapped,"UNSPSC Codeset v8.1201 (GS1 US); verified 2026-10-08 against the published codeset, family 30140000 'Insulation'",Flashing/seam tape: WRB-system accessory; no verified commodity in this pass (tapes belong to a future sealants/adhesives pass). NULL: OmniClass Table 23 codes require the CSI publication (not publicly verifiable); left unmapped per policy.
WRAP-HOUSE-REX-WRAP-10X100,,,ambiguous,,,unmapped,"UNSPSC Codeset v8.1201 (GS1 US); verified 2026-10-08 against the published codeset, family 30140000 'Insulation'",NO housewrap/weather-barrier commodity in v8.1201. WRB is not thermal insulation; left code-empty. Material and roll size are the identity attributes. NULL: OmniClass Table 23 codes require the CSI publication (not publicly verifiable); left unmapped per policy.
WRAP-HOUSE-REX-WRAP-3X100,,,ambiguous,,,unmapped,"UNSPSC Codeset v8.1201 (GS1 US); verified 2026-10-08 against the published codeset, family 30140000 'Insulation'",NO housewrap/weather-barrier commodity in v8.1201. WRB is not thermal insulation; left code-empty. Material and roll size are the identity attributes. NULL: OmniClass Table 23 codes require the CSI publication (not publicly verifiable); left unmapped per policy.
WRAP-HOUSE-REX-WRAP-9X100,,,ambiguous,,,unmapped,"UNSPSC Codeset v8.1201 (GS1 US); verified 2026-10-08 against the published codeset, family 30140000 'Insulation'",NO housewrap/weather-barrier commodity in v8.1201. WRB is not thermal insulation; left code-empty. Material and roll size are the identity attributes. NULL: OmniClass Table 23 codes require the CSI publication (not publicly verifiable); left unmapped per policy.
WRAP-HOUSE-REX-WRAP-9X150,,,ambiguous,,,unmapped,"UNSPSC Codeset v8.1201 (GS1 US); verified 2026-10-08 against the published codeset, family 30140000 'Insulation'",NO housewrap/weather-barrier commodity in v8.1201. WRB is not thermal insulation; left code-empty. Material and roll size are the identity attributes. NULL: OmniClass Table 23 codes require the CSI publication (not publicly verifiable); left unmapped per policy.
WRAP-HOUSE-TYVEK-COMMERCIAL-10X125,,,ambiguous,,,unmapped,"UNSPSC Codeset v8.1201 (GS1 US); verified 2026-10-08 against the published codeset, family 30140000 'Insulation'",NO housewrap/weather-barrier commodity in v8.1201. WRB is not thermal insulation; left code-empty. Material and roll size are the identity attributes. NULL: OmniClass Table 23 codes require the CSI publication (not publicly verifiable); left unmapped per policy.
WRAP-HOUSE-TYVEK-DRAINWRAP-9X125,,,ambiguous,,,unmapped,"UNSPSC Codeset v8.1201 (GS1 US); verified 2026-10-08 against the published codeset, family 30140000 'Insulation'",NO housewrap/weather-barrier commodity in v8.1201. WRB is not thermal insulation; left code-empty. Material and roll size are the identity attributes. NULL: OmniClass Table 23 codes require the CSI publication (not publicly verifiable); left unmapped per policy.
WRAP-HOUSE-TYVEK-HOMELAP-3X100,,,ambiguous,,,unmapped,"UNSPSC Codeset v8.1201 (GS1 US); verified 2026-10-08 against the published codeset, family 30140000 'Insulation'",NO housewrap/weather-barrier commodity in v8.1201. WRB is not thermal insulation; left code-empty. Material and roll size are the identity attributes. NULL: OmniClass Table 23 codes require the CSI publication (not publicly verifiable); left unmapped per policy.
WRAP-HOUSE-TYVEK-HOMELAP-9X100,,,ambiguous,,,unmapped,"UNSPSC Codeset v8.1201 (GS1 US); verified 2026-10-08 against the published codeset, family 30140000 'Insulation'",NO housewrap/weather-barrier commodity in v8.1201. WRB is not thermal insulation; left code-empty. Material and roll size are the identity attributes. NULL: OmniClass Table 23 codes require the CSI publication (not publicly verifiable); left unmapped per policy.
WRAP-HOUSE-TYVEK-HOMEWRAP-10X100,,,ambiguous,,,unmapped,"UNSPSC Codeset v8.1201 (GS1 US); verified 2026-10-08 against the published codeset, family 30140000 'Insulation'",NO housewrap/weather-barrier commodity in v8.1201. WRB is not thermal insulation; left code-empty. Material and roll size are the identity attributes. NULL: OmniClass Table 23 codes require the CSI publication (not publicly verifiable); left unmapped per policy.
WRB-HOUSEWRAP-COMMERCIAL-5X200,,,ambiguous,,,unmapped,"UNSPSC Codeset v8.1201 (GS1 US); verified 2026-10-08 against the published codeset, family 30140000 'Insulation'",NO housewrap/weather-barrier commodity in v8.1201. WRB is not thermal insulation; left code-empty. Material and roll size are the identity attributes. NULL: OmniClass Table 23 codes require the CSI publication (not publicly verifiable); left unmapped per policy.
WRB-HOUSEWRAP-DRAINAGE-STUCCO-5X200,,,ambiguous,,,unmapped,"UNSPSC Codeset v8.1201 (GS1 US); verified 2026-10-08 against the published codeset, family 30140000 'Insulation'",NO housewrap/weather-barrier commodity in v8.1201. WRB is not thermal insulation; left code-empty. Material and roll size are the identity attributes. NULL: OmniClass Table 23 codes require the CSI publication (not publicly verifiable); left unmapped per policy.
WRB-HOUSEWRAP-REFLECTIVE-5X150,,,ambiguous,,,unmapped,"UNSPSC Codeset v8.1201 (GS1 US); verified 2026-10-08 against the published codeset, family 30140000 'Insulation'",NO housewrap/weather-barrier commodity in v8.1201. WRB is not thermal insulation; left code-empty. Material and roll size are the identity attributes. NULL: OmniClass Table 23 codes require the CSI publication (not publicly verifiable); left unmapped per policy.
WRB-HOUSEWRAP-STANDARD-9X100,,,ambiguous,,,unmapped,"UNSPSC Codeset v8.1201 (GS1 US); verified 2026-10-08 against the published codeset, family 30140000 'Insulation'",NO housewrap/weather-barrier commodity in v8.1201. WRB is not thermal insulation; left code-empty. Material and roll size are the identity attributes. NULL: OmniClass Table 23 codes require the CSI publication (not publicly verifiable); left unmapped per policy.
WRB-HOUSEWRAP-STANDARD-9X150,,,ambiguous,,,unmapped,"UNSPSC Codeset v8.1201 (GS1 US); verified 2026-10-08 against the published codeset, family 30140000 'Insulation'",NO housewrap/weather-barrier commodity in v8.1201. WRB is not thermal insulation; left code-empty. Material and roll size are the identity attributes. NULL: OmniClass Table 23 codes require the CSI publication (not publicly verifiable); left unmapped per policy.
